insecte_fr,longitude,latitude,annee_collection
Le Frelon asiatique,48.840296,2.318376,2019
Le Frelon asiatique,44.849311111111,-0.57646388888889,2019
Le Frelon asiatique,45.002002777778,1.0255805555556,2019
Le Frelon asiatique,48.019447222222,-1.6470888888889,2019
Le Frelon asiatique,48.091838888889,-1.6744333333333,2019
Le Frelon asiatique,45.656275,0.980230555555564,2019
Le Frelon asiatique,48.210980555556,-1.70315,2019
Le Frelon européen,45.055386111111,4.5102194444444,2019
Le Frelon européen,44.711347222222,4.5678972222222,2019
Le Frelon européen,44.277566666667,3.8081777777778,2019
Le Frelon asiatique,44.725691666667,-0.54228055555556,2019
Le Frelon asiatique,44.187766,3.93473399999999,2019
Le Frelon asiatique,48.79115327363396,2.388051152229309,2019
Le Frelon européen,47.276324712846225,2.2383946180343632,2019
Le Frelon européen,47.225193320296015,2.3671889305114746,2019
Le Frelon européen,49.02665368880049,1.8943262100219729,2019
Le Frelon européen,45.347319655945526,5.087948770906352,2019
Le Frelon européen,47.51690361421426,7.382125780553894,2019
Le Frelon asiatique,45.00194808594632,1.024303434234133,2019
Le Frelon asiatique,45.00196325829389,1.0243034504944462,2019
Le Frelon asiatique,47.11160713044339,-2.1013216674327855,2019
Le Frelon asiatique,49.02646550266936,1.8941438198089602,2019
Le Frelon asiatique,48.18523805376995,-1.6364800930023196,2019
Le Frelon asiatique,45.00195394805202,1.0243141651153567,2019
Le Frelon asiatique,43.14344668115993,5.981943011283875,2019
Le Frelon européen,48.212080475315844,-1.700936257839203,2019
Le Frelon asiatique,43.669382,7.053135,2019
Le Frelon européen,45.78343896492783,4.8533351719379425,2019
Le Frelon asiatique,45.00194487479363,1.0243042671897176,2019
Le Frelon européen,48.214650631290255,-1.692999601364136,2019
Le Frelon européen,47.10830412684544,2.2547226927373125,2019
Le Frelon européen,44.19690524211665,3.9344762396549853,2019
Le Frelon asiatique,44.98485009049568,1.0502730675585294,2019
Le Frelon européen,45.775825984943545,4.857442975044251,2019
Le Frelon européen,44.568295,2.254033,2019
Le Frelon européen,47.10797917780043,2.2630370865789655,2019
Le Frelon asiatique,45.00173440831072,1.024807636644556,2019
Le Frelon européen,45.38507267871724,5.159383275271825,2019
Le Frelon européen,43.28897548308564,5.861586928367616,2019
Le Frelon européen,48.01871419543037,-1.6454172134399416,2019
Le Frelon européen,48.01884695843731,-1.6443711519241335,2019
Le Frelon asiatique,44.99954211172797,1.0246612191935522,2019
Le Frelon européen,48.877985286748334,2.103415131568909,2019
Le Frelon asiatique,48.11423119426347,-1.666691154241562,2019
Le Frelon asiatique,43.13899568094715,5.768229961395264,2019
Le Frelon européen,48.184672949590485,-1.637263298034668,2019
Le Frelon européen,48.871499541319785,2.0994374155998234,2019
Le Frelon asiatique,44.711486209974616,4.567778484804644,2019
Le Frelon européen,48.018703430847275,-1.6454279422760012,2019
Le Frelon européen,48.21364975139409,-1.694649159908295,2019
Le Frelon européen,48.86686735942351,2.092627286911011,2019
Le Frelon européen,45.001864637962925,1.0250276414699135,2019
Le Frelon européen,45.001864637962925,1.025016912633854,2019
Le Frelon européen,48.86686383065071,2.0925682783126835,2019
Le Frelon asiatique,48.87470767798212,2.0924261212348942,2019
Le Frelon européen,48.87470767798212,2.0924261212348942,2019
Le Frelon asiatique,45.79796569936873,4.956877827644349,2019
Le Frelon européen,49.02395042344414,1.8913382291793825,2019
Le Frelon européen,47.63330380314443,7.564133747443673,2019
Le Frelon européen,45.05550418308019,4.505301288634978,2019
Le Frelon asiatique,48.87470414976228,2.092482447624207,2019
Le Frelon asiatique,48.87472179085913,2.0924180746078496,2019
Le Frelon européen,48.87472179085913,2.0924180746078496,2019
Le Frelon asiatique,45.65626542924285,0.9802077155256452,2019
Le Frelon européen,48.0181544341281,-1.66418194770813,2019
Le Frelon européen,47.3089238552708,5.891848887927736,2019
Le Frelon européen,43.16496025319331,5.605983138084412,2019
Le Frelon asiatique,48.89901120593226,2.0956420898437504,2019
Le Frelon asiatique,44.711423307502024,4.567606140179552,2019
Le Frelon européen,44.015850089018905,4.4130921363830575,2019
Le Frelon asiatique,49.074582783227065,1.5305328369140625,2019
Le Frelon asiatique,48.12421197993535,-1.6721454262733462,2019
Le Frelon européen,48.12421197993535,-1.6721454262733462,2019
Le Frelon asiatique,45.00192195579537,1.0242277381100042,2019
Le Frelon asiatique,48.12512329700769,-1.6724324226379397,2019
Le Frelon européen,44.711507177450294,4.567600689712235,2019
Le Frelon asiatique,48.15084920389885,-1.6797207721311083,2019
Le Frelon européen,45.05550797262005,4.50532795451808,2019
Le Frelon asiatique,45.00192026992679,1.0242122252028854,2019
Le Frelon européen,44.59957008119333,2.4013347951703694,2019
Le Frelon européen,44.711577704358156,4.567368770143965,2019
Le Frelon européen,45.39136616679079,5.166730491442526,2019
Le Frelon asiatique,48.8869984854001,2.3310947320616786,2019
Le Frelon européen,47.62122490403317,7.559471068582424,2019
Le Frelon européen,45.385005803112165,5.159510005593982,2019
Le Frelon européen,44.709625792804815,4.569246332463544,2019
Le Frelon européen,44.71141949522875,4.567496170692396,2019
Le Frelon asiatique,48.21334233435572,-1.6986241936683657,2019
Le Frelon asiatique,48.21342097609935,-1.6912078857421877,2019
Le Frelon asiatique,48.21336825039821,-1.698964834213257,2019
Le Frelon asiatique,43.57631816213746,3.8172930540721954,2019
Le Frelon européen,43.57631816213746,3.8172930540721954,2019
Le Frelon asiatique,43.55460154919298,3.7815634047355755,2019
Le Frelon asiatique,45.77673890525762,4.854760766029359,2019
Le Frelon asiatique,43.57445271436994,3.8176162246152816,2019
Le Frelon asiatique,48.872590701345615,2.096199989318848,2019
Le Frelon asiatique,43.13903743455404,5.768212080029117,2019
Le Frelon asiatique,48.89674008487111,2.1073794364929204,2019
Le Frelon asiatique,43.500231017615555,6.3619285805743395,2019
Le Frelon européen,45.385021815588196,5.159381263965424,2019
Le Frelon européen,43.13900116108319,5.770377518699093,2019
Le Frelon asiatique,45.66759533537528,0.30530469724879167,2019
Le Frelon asiatique,45.77673095468415,4.85470712184906,2019
Le Frelon asiatique,48.06719658554324,-0.8170161948618881,2019
Le Frelon asiatique,44.003260724180215,4.417657256126405,2019
Le Frelon asiatique,48.21330480075369,-1.6975378990173342,2019
Le Frelon européen,48.055738230702836,-0.8232959328018596,2019
Le Frelon asiatique,48.2134853192543,-1.7025911808013918,2019
Le Frelon asiatique,48.84137783881714,2.3585160634669404,2019
Le Frelon asiatique,43.13909745526544,5.766491889953614,2019
Le Frelon asiatique,48.869500577938155,2.4796576663645014,2019
Le Frelon asiatique,48.86964313262705,2.479550965662987,2019
Le Frelon asiatique,48.86875207082903,2.479558107515936,2019
Le Frelon européen,44.339461657459225,2.031202013339972,2019
Le Frelon asiatique,48.213080555556,-1.695225,2018
Le Frelon européen,46.258352777778,5.6214861111111,2018
Le Frelon européen,46.167033333333,5.3605611111111,2018
Le Frelon européen,48.011733333333,3.4574333333333,2018
Le Frelon européen,45.014175,1.0125055555556,2018
Le Frelon européen,48.498247222222,2.6638527777778,2018
Le Frelon européen,44.951463888889,1.1174194444444,2018
Le Frelon asiatique,47.2698,2.4171638888889,2018
Le Frelon asiatique,47.247227777778,2.3668694444444,2018
Le Frelon européen,47.261341666667,2.2736138888889,2018
Le Frelon asiatique,49.005380555556,1.9378055555556,2018
Le Frelon asiatique,44.809188888889,-0.25252777777778,2018
Le Frelon européen,45.057066666667,4.5113555555556,2018
Le Frelon asiatique,48.183044444444,-1.63905,2018
Le Frelon asiatique,44.985161111111,1.0514055555556,2018
Le Frelon asiatique,48.098947222222,-1.6487222222222,2018
Le Frelon asiatique,44.7834,2.0809972222222,2018
Le Frelon européen,48.134102777778,-1.6966138888889,2018
Le Frelon asiatique,43.574836111111,3.8174416666667,2018
Le Frelon européen,46.081405555556,6.1017111111111,2018
Le Frelon asiatique,43.584680555556,3.8297194444444,2018
Le Frelon asiatique,48.920883333333,2.3429527777778,2018
Le Frelon asiatique,48.214894444444,-1.6933361111111,2018
Le Frelon européen,48.214894444444,-1.6933361111111,2018
Le Frelon européen,48.538058333333,2.7502694444444,2018
Le Frelon asiatique,45.001980555556,1.0243,2018
Le Frelon européen,45.391061111111,5.1509916666667,2018
Le Frelon asiatique,44.907791666667,0.968644444444436,2018
Le Frelon asiatique,44.907791666667,0.968644444444436,2018
Le Frelon européen,46.082291666667,6.1018638888889,2018
Le Frelon européen,48.538772222222,2.7548944444444,2018
Le Frelon asiatique,43.138908333333,5.7662527777778,2018
Le Frelon européen,48.424675,2.7604055555556,2018
Le Frelon européen,46.233752777778,6.0035027777778,2018
Le Frelon européen,44.711466666667,4.5678,2018
Le Frelon européen,44.985005555556,1.0501333333333,2018
Le Frelon asiatique,44.985005555556,1.0501333333333,2018
Le Frelon asiatique,48.846886111111,2.1097472222222,2018
Le Frelon européen,48.846858333333,2.1100222222222,2018
Le Frelon européen,44.652175,4.7762555555556,2018
Le Frelon asiatique,45.001697222222,1.0249083333333,2018
Le Frelon européen,49.284947222222,-0.19958333333333,2018
Le Frelon européen,44.000927777778,4.4192305555556,2018
Le Frelon européen,48.412638888889,2.7599722222222,2018
Le Frelon asiatique,45.001680555556,1.0247527777778,2018
Le Frelon européen,47.983366666667,-1.8839138888889,2018
Le Frelon européen,44.187583333333,3.9344361111111,2018
Le Frelon asiatique,44.187583333333,3.9344361111111,2018
Le Frelon asiatique,44.945130555556,1.0854388888889,2018
Le Frelon asiatique,48.865361111111,2.1008611111111,2018
Le Frelon européen,47.620294444444,7.5398305555556,2018
Le Frelon asiatique,48.854436111111,2.0837055555556,2018
Le Frelon européen,44.031205555556,4.4547361111111,2018
Le Frelon européen,45.735858333333,5.0137444444444,2018
Le Frelon européen,46.138466666667,6.1457472222222,2018
Le Frelon asiatique,48.702883333333,-1.8545055555556,2018
Le Frelon asiatique,48.886598,2.331395,2018
Le Frelon asiatique,48.124772222222,-1.6701555555556,2018
Le Frelon asiatique,48.881994444444,2.1105916666667,2018
Le Frelon européen,47.629997222222,7.5317361111111,2018
Le Frelon européen,48.818441666667,2.0810722222222,2018
Le Frelon européen,47.314041666667,5.8742888888889,2018
Le Frelon européen,44.713805555556,4.5698277777778,2018
Le Frelon asiatique,42.835766666667,0.31216666666667,2018
Le Frelon asiatique,48.839438888889,2.3182944444444,2018
Le Frelon européen,46.144925,6.0809666666667,2018
Le Frelon européen,48.184880555556,-1.6371861111111,2018
Le Frelon asiatique,48.862516666667,2.0986416666667,2018
Le Frelon asiatique,43.575866666667,3.8182888888889,2018
Le Frelon asiatique,43.138986111111,5.7682027777778,2018
Le Frelon européen,49.018497222222,1.887225,2018
Le Frelon asiatique,49.018497222222,1.887225,2018
Le Frelon européen,46.135108333333,6.1298138888889,2018
Le Frelon européen,44.999502777778,1.0297527777778,2018
Le Frelon asiatique,44.999502777778,1.0297527777778,2018
Le Frelon asiatique,44.729597222222,4.5915388888889,2018
Le Frelon européen,47.30935,5.8921638888889,2018
Le Frelon asiatique,48.985022222222,2.3548555555556,2018
Le Frelon asiatique,45.056213888889,4.5055944444444,2018
Le Frelon européen,45.056213888889,4.5055944444444,2018
Le Frelon européen,44.711419444444,4.5676111111111,2018
Le Frelon asiatique,44.711419444444,4.5676111111111,2018
Le Frelon asiatique,48.874686111111,2.0925361111111,2018
Le Frelon asiatique,44.998208333333,1.0204638888889,2018
Le Frelon européen,44.998208333333,1.0204638888889,2018
Le Frelon asiatique,44.7116,4.567475,2018
Le Frelon européen,44.7116,4.567475,2018
Le Frelon asiatique,49.020627777778,1.8973805555556,2018
Le Frelon asiatique,48.886458,2.331549,2018
Le Frelon européen,45.001875,1.0250138888889,2018
Le Frelon asiatique,45.001875,1.0250138888889,2018
Le Frelon européen,46.192291666667,5.357125,2018
Le Frelon asiatique,49.012583333333,1.9040166666667,2018
Le Frelon européen,44.907777777778,0.968752777777782,2018
Le Frelon asiatique,48.183491666667,-1.6479333333333,2018
Le Frelon européen,48.183491666667,-1.6479333333333,2018
Le Frelon européen,45.388591666667,5.1666861111111,2018
Le Frelon asiatique,44.440919444444,3.9311166666667,2018
Le Frelon européen,48.429322222222,2.7584277777778,2018
Le Frelon européen,46.142780555556,6.0626638888889,2018
Le Frelon asiatique,45.056213888889,4.5055944444444,2018
Le Frelon européen,45.056213888889,4.5055944444444,2018
Le Frelon asiatique,43.366972222222,-1.7711444444444,2018
Le Frelon européen,46.206886111111,5.2196138888889,2018
Le Frelon asiatique,48.86165,2.0964638888889,2018
Le Frelon européen,48.86165,2.0964638888889,2018
Le Frelon européen,46.192191666667,5.3635861111111,2018
Le Frelon européen,46.211675,5.2279388888889,2018
Le Frelon européen,46.199622222222,5.2352611111111,2018
Le Frelon européen,45.385055555556,5.1593861111111,2018
Le Frelon asiatique,45.868113888889,-1.0709777777778,2018
Le Frelon asiatique,48.874825,2.0925361111111,2018
Le Frelon européen,48.874825,2.0925361111111,2018
Le Frelon asiatique,48.778572,-3.050578,2018
Le Frelon asiatique,43.378466666667,-1.7514555555556,2018
Le Frelon asiatique,43.377491666667,-1.7555277777778,2018
Le Frelon asiatique,43.364636111111,-1.7704,2018
Le Frelon européen,44.350705555556,2.0542111111111,2018
Le Frelon européen,44.809441666667,-0.25297222222222,2018
Le Frelon asiatique,44.809441666667,-0.25297222222222,2018
Le Frelon asiatique,48.211419444444,-1.7033388888889,2018
Le Frelon asiatique,49.209027777778,0.57239444444444,2018
Le Frelon asiatique,44.187788888889,3.9341472222222,2018
Le Frelon asiatique,44.187927,3.933848,2018
Le Frelon asiatique,48.876636111111,2.0965472222222,2018
Le Frelon asiatique,50.730391666667,1.6074805555556,2018
Le Frelon asiatique,43.370172222222,-1.7777944444444,2018
Le Frelon asiatique,45.001966666667,1.0252277777778,2018
Le Frelon asiatique,43.10793035582643,5.950173215751394,2018
Le Frelon asiatique,48.87675,2.0964833333333,2018
Le Frelon européen,44.312666666667,2.0447888888889,2018
Le Frelon asiatique,43.542258333333,1.4599527777778,2018
Le Frelon asiatique,44.426425,5.7157527777778,2018
Le Frelon asiatique,43.370288888889,-1.7848666666667,2018
Le Frelon européen,47.875233333333,3.0470777777778,2018
Le Frelon européen,47.875425,3.0463888888889,2018
Le Frelon asiatique,43.13915,5.7668,2018
Le Frelon asiatique,48.869847222222,2.4795861111111,2018
Le Frelon asiatique,43.139044444444,5.7682083333333,2018
Le Frelon asiatique,43.139044444444,5.7682083333333,2018
Le Frelon européen,43.139044444444,5.7682083333333,2018
Le Frelon asiatique,48.867136111111,2.4530888888889,2018
Le Frelon asiatique,43.139005555556,5.7657583333333,2018
Le Frelon européen,43.139005555556,5.7657583333333,2018
Le Frelon asiatique,48.868813888889,2.4796055555556,2018
Le Frelon asiatique,48.054919444444,-0.81368333333333,2018
Le Frelon asiatique,43.138994444444,5.7682,2018
Le Frelon asiatique,44.553275,1.9090805555556,2018
Le Frelon européen,44.549744444444,1.9199055555556,2018
Le Frelon asiatique,44.615077777778,2.0445194444444,2018
Le Frelon asiatique,44.615586111111,2.0446805555556,2018
Le Frelon européen,44.615586111111,2.0446805555556,2018
Le Frelon européen,44.422361111111,5.7145194444444,2018
Le Frelon européen,43.278619444444,5.9094055555556,2018
Le Frelon asiatique,43.146694444444,5.9010861111111,2018
Le Frelon européen,43.138941666667,5.7709777777778,2018
Le Frelon asiatique,43.138941666667,5.7709777777778,2018
Le Frelon asiatique,48.247941666667,-1.6675083333333,2017
Le Frelon européen,44.022197222222,4.4001361111111,2017
Le Frelon asiatique,47.478541666667,-2.1616805555556,2017
Le Frelon asiatique,44.825997222222,4.6854388888889,2017
Le Frelon européen,44.707872222222,4.6585277777778,2017
Le Frelon européen,46.143486111111,6.08142222222219,2017
Le Frelon asiatique,43.33065,-1.5995888888889,2017
Le Frelon asiatique,43.343805555556,-1.4337416666667,2017
Le Frelon européen,43.549611111111,5.4507722222222,2017
Le Frelon européen,43.548344444444,5.4506638888889,2017
Le Frelon européen,48.145533333333,-1.6292027777778,2017
Le Frelon européen,44.950630555556,1.1175805555556,2017
Le Frelon européen,44.232806,3.850449,2017
Le Frelon asiatique,44.945711111111,1.0861527777778,2017
Le Frelon européen,44.964866666667,0.987994444444438,2017
Le Frelon asiatique,44.964866666667,0.987994444444438,2017
Le Frelon asiatique,43.317216666667,3.4735333333333,2017
Le Frelon européen,44.826636111111,3.0855861111111,2017
Le Frelon asiatique,44.999197222222,1.0299222222222,2017
Le Frelon asiatique,43.724108333333,7.2740472222222,2017
Le Frelon asiatique,47.636466666667,-3.4382305555556,2017
Le Frelon européen,46.747308333333,5.1595194444444,2017
Le Frelon asiatique,48.213677777778,-1.6938972222222,2017
Le Frelon asiatique,48.212880555556,-1.6978277777778,2017
Le Frelon européen,46.081444444444,6.1017777777778,2017
Le Frelon européen,46.138380555556,6.1457222222222,2017
Le Frelon européen,47.314069444444,5.8743472222222,2017
Le Frelon asiatique,43.588108333333,3.8698777777778,2017
Le Frelon européen,46.257288888889,6.1035972222222,2017
Le Frelon asiatique,43.3646,-1.7704638888889,2017
Le Frelon européen,47.3089083333329,5.8920583333333,2017
Le Frelon européen,47.302788888889,-1.4973583333333,2017
Le Frelon européen,48.212383333333,-1.7016194444444,2017
Le Frelon européen,44.710694444444,4.6893,2017
Le Frelon européen,48.212077777778,-1.7009583333333,2017
Le Frelon asiatique,47.213487,-1.543419,2017
Le Frelon asiatique,47.213487,-1.543419,2017
Le Frelon asiatique,43.576041666667,3.8179527777778,2017
Le Frelon européen,43.576041666667,3.8179527777778,2017
Le Frelon européen,46.856927777778,5.2525388888889,2017
Le Frelon asiatique,43.584727777778,3.8296388888889,2017
Le Frelon asiatique,47.633488888889,-2.7847972222222,2017
Le Frelon asiatique,48.114408333333,-1.6673444444444,2017
Le Frelon asiatique,48.113997222222,-1.66685,2017
Le Frelon européen,44.711422222222,4.5675972222222,2017
Le Frelon européen,46.198527777778,5.2418972222222,2017
Le Frelon asiatique,48.183411111111,-1.6479833333333,2017
Le Frelon européen,44.998205555556,1.0204527777778,2017
Le Frelon asiatique,44.998205555556,1.0204527777778,2017
Le Frelon européen,43.549566666667,5.4509611111111,2017
Le Frelon européen,45.056213888889,4.5055944444444,2017
Le Frelon asiatique,48.183458333333,-1.6479472222222,2017
Le Frelon européen,48.248022222222,-1.6672611111111,2017
Le Frelon européen,44.058083333333,7.5866583333333,2017
Le Frelon asiatique,44.729361111111,4.5911944444444,2017
Le Frelon européen,44.714519444444,4.5412555555556,2017
Le Frelon asiatique,44.714519444444,4.5412555555556,2017
Le Frelon européen,48.214738888889,-1.7046388888889,2017
Le Frelon asiatique,48.775463888889,2.0894972222222,2017
Le Frelon européen,43.549341666667,5.4508166666667,2017
Le Frelon asiatique,44.736247222222,4.5951472222222,2017
Le Frelon asiatique,43.291613888889,5.8713972222222,2017
Le Frelon asiatique,43.312522222222,3.1358833333333,2017
Le Frelon européen,45.056213888889,4.5055944444444,2017
Le Frelon asiatique,47.595433333333,-3.1145305555556,2017
Le Frelon européen,45.378652777778,5.1590666666667,2017
Le Frelon européen,48.907336111111,2.0477888888889,2017
Le Frelon européen,44.673902777778,4.7118277777778,2017
Le Frelon européen,44.725936111111,4.5936305555556,2017
Le Frelon européen,48.860533333333,2.1006777777778,2017
Le Frelon asiatique,43.584555555556,3.8301555555556,2017
Le Frelon asiatique,43.584752777778,3.8295583333333,2017
Le Frelon asiatique,44.729275,4.5911972222222,2017
Le Frelon asiatique,43.364286111111,-1.7710222222222,2017
Le Frelon européen,43.118269444444,5.9055972222222,2017
Le Frelon européen,48.905894444444,2.1144527777778,2017
Le Frelon européen,48.631386111111,1.6859,2017
Le Frelon asiatique,48.870355555556,2.1043166666667,2017
Le Frelon asiatique,48.217886111111,-1.6976277777778,2017
Le Frelon asiatique,45.656244444444,0.980269444444438,2017
Le Frelon asiatique,48.868788888889,2.4796194444444,2017
Le Frelon européen,48.836383333333,2.1534333333333,2017
Le Frelon asiatique,44.732363888889,4.5966888888889,2017
Le Frelon européen,43.550608333333,5.4487527777778,2017
Le Frelon asiatique,48.8767,2.0964777777778,2017
Le Frelon asiatique,48.876708333333,2.0964944444444,2017
Le Frelon asiatique,43.267102777778,5.7814222222222,2017
Le Frelon asiatique,43.108669444444,5.9470722222222,2017
Le Frelon européen,49.191588888889,2.0754333333333,2017
Le Frelon asiatique,49.191588888889,2.0754333333333,2017
Le Frelon européen,44.620358333333,2.0457361111111,2017
Le Frelon européen,44.354755555556,2.055875,2017
Le Frelon asiatique,48.143230555556,-0.42036111111111,2017
Le Frelon européen,43.411094444444,6.7377305555556,2017
Le Frelon européen,43.550919444444,5.4492722222222,2017
Le Frelon asiatique,44.714558333333,4.5412,2017
Le Frelon européen,44.714558333333,4.5412,2017
Le Frelon asiatique,49.179025,2.2866638888889,2017
Le Frelon asiatique,43.633333333333,3.8566972222222,2016
Le Frelon asiatique,48.091397222222,-1.6840166666667,2016
Le Frelon européen,49.723058333333,2.5359166666667,2016
Le Frelon asiatique,48.114144444444,-1.6669611111111,2016
Le Frelon asiatique,43.580858333333,3.8177166666667,2016
Le Frelon européen,46.301636111111,-0.18150555555556,2016
Le Frelon européen,46.184491666667,5.3536472222222,2016
Le Frelon européen,47.478641666667,-2.1623583333333,2016
Le Frelon européen,47.298980555556,5.9169083333333,2016
Le Frelon asiatique,48.221194444444,-1.6955111111111,2016
Le Frelon européen,43.522077777778,3.8191666666667,2016
Le Frelon asiatique,45.001775,1.0249027777778,2016
Le Frelon asiatique,48.212133333333,-1.7015277777778,2016
Le Frelon européen,45.681869444444,0.303125,2016
Le Frelon européen,44.638444444444,4.6517805555556,2016
Le Frelon européen,48.221188888889,-1.6955,2016
Le Frelon européen,46.191091666667,5.3644611111111,2016
Le Frelon européen,44.999116666667,1.0292916666667,2016
Le Frelon asiatique,48.114183333333,-1.6669972222222,2016
Le Frelon asiatique,48.114244444444,-1.66675,2016
Le Frelon asiatique,48.114616666667,-1.6667777777778,2016
Le Frelon asiatique,44.999644444444,1.0289694444444,2016
Le Frelon européen,47.966911111111,-1.9258777777778,2016
Le Frelon européen,48.297761111111,-1.7229472222222,2016
Le Frelon asiatique,43.584697222222,3.8304083333333,2016
Le Frelon européen,48.211361111111,-1.7032083333333,2016
Le Frelon asiatique,48.312608333333,-1.7189833333333,2016
Le Frelon asiatique,43.477863888889,-1.5547777777778,2016
Le Frelon européen,45.002163888889,1.0244583333333,2016
Le Frelon européen,48.150205555556,-1.6787277777778,2016
Le Frelon européen,44.907772222222,0.969869444444438,2016
Le Frelon asiatique,44.644933333333,-1.1341,2016
Le Frelon européen,44.907947222222,0.968891666666671,2016
Le Frelon asiatique,48.218375,-1.7515,2016
Le Frelon asiatique,48.127094444444,-1.6700416666667,2016
Le Frelon asiatique,44.662408333333,-1.1505111111111,2016
Le Frelon asiatique,43.107419444444,5.9391305555556,2016
Le Frelon européen,48.860555555556,2.1005861111111,2016
Le Frelon asiatique,48.217936111111,-1.6932944444444,2016
Le Frelon asiatique,48.114130555556,-1.6669777777778,2016
Le Frelon européen,48.212927777778,-1.7010444444444,2016
Le Frelon européen,45.001816666667,1.0247805555556,2016
Le Frelon européen,48.211952777778,-1.7073083333333,2016
Le Frelon européen,48.392613888889,-1.1722472222222,2016
Le Frelon asiatique,48.874741666667,2.0924583333333,2016
Le Frelon asiatique,48.111672222222,-1.6504777777778,2016
Le Frelon asiatique,48.112733333333,-1.6502138888889,2016
Le Frelon européen,44.7114,4.5676,2016
Le Frelon européen,48.860502777778,2.1007194444444,2016
Le Frelon asiatique,44.615583333333,2.0446638888889,2016
Le Frelon européen,44.615583333333,2.0446638888889,2016
Le Frelon européen,44.616822222222,2.0450888888889,2016
Le Frelon asiatique,44.659166666667,-1.1727083333333,2016
Le Frelon asiatique,44.659166666667,-1.1727083333333,2016
Le Frelon européen,44.659166666667,-1.1727083333333,2016
Le Frelon européen,46.790794444444,5.1961638888889,2016
Le Frelon européen,46.191158333333,5.3642055555556,2016
Le Frelon asiatique,42.653994444444,2.388475,2016
Le Frelon européen,44.809283333333,-0.25266944444444,2016
Le Frelon asiatique,44.809283333333,-0.25266944444444,2016
Le Frelon asiatique,48.874725,2.092525,2016
Le Frelon asiatique,44.714547222222,4.5411944444444,2016
Le Frelon européen,48.860597222222,2.1004861111111,2016
Le Frelon européen,45.001888888889,1.0249833333333,2016
Le Frelon asiatique,48.868975,2.4796027777778,2016
Le Frelon asiatique,48.868975,2.4796027777778,2016
Le Frelon asiatique,48.480411111111,2.7185388888889,2016
Le Frelon européen,48.475908333333,2.6916166666667,2016
Le Frelon asiatique,47.582088888889,-2.7170583333333,2016
Le Frelon européen,43.397375,5.1349555555556,2016
Le Frelon européen,48.255391666667,-1.6669972222222,2016
Le Frelon européen,49.018580555556,1.8875888888889,2016
Le Frelon européen,43.942422222222,7.2702388888889,2016
Le Frelon asiatique,43.584752777778,3.8298416666667,2016
Le Frelon asiatique,43.584783333333,3.8296666666667,2016
Le Frelon asiatique,44.521755555556,1.9621111111111,2016
Le Frelon européen,44.521755555556,1.9621111111111,2016
Le Frelon européen,49.191580555556,2.0754333333333,2016
Le Frelon asiatique,44.507252777778,1.8945,2016
Le Frelon asiatique,48.874655555556,2.1010472222222,2016
Le Frelon asiatique,44.615063888889,2.0444833333333,2016
Le Frelon asiatique,44.907911111111,0.967558333333332,2016
Le Frelon européen,44.539180555556,1.9786305555556,2016
Le Frelon européen,44.62175,2.0450361111111,2016
Le Frelon asiatique,43.291291666667,5.8715472222222,2016
Le Frelon asiatique,45.053658333333,0.963691666666671,2016
Le Frelon asiatique,43.108672222222,5.9470527777778,2016
Le Frelon européen,44.936994444444,2.2107472222222,2016
Le Frelon asiatique,43.839877777778,4.3522416666667,2016
Le Frelon européen,45.056213888889,4.5055944444444,2016
Le Frelon asiatique,43.299283333333,-0.44191944444444,2015
Le Frelon asiatique,44.614997222222,2.0445055555556,2015
Le Frelon asiatique,45.001930555556,1.0245555555556,2015
Le Frelon asiatique,48.711675,2.2119805555556,2015
Le Frelon européen,43.299383333333,-0.44211111111111,2015
Le Frelon européen,43.29945,-0.44197777777778,2015
Le Frelon asiatique,43.29945,-0.44197777777778,2015
Le Frelon asiatique,45.001594444444,1.0247916666667,2015
Le Frelon européen,46.077922222222,6.0982138888889,2015
Le Frelon asiatique,43.299447222222,-0.44168333333333,2015
Le Frelon européen,43.299447222222,-0.44168333333333,2015
Le Frelon européen,43.941955555556,7.2698666666667,2015
Le Frelon européen,45.001772222222,1.0249055555556,2015
Le Frelon européen,46.186869444444,5.3600416666667,2015
Le Frelon asiatique,43.299425,-0.44204444444444,2015
Le Frelon européen,48.332163888889,-1.8335472222222,2015
Le Frelon asiatique,43.299327777778,-0.44178611111111,2015
Le Frelon européen,44.019661111111,4.4018666666667,2015
Le Frelon européen,43.941847222222,7.2699583333333,2015
Le Frelon asiatique,43.299016666667,-0.44178055555556,2015
Le Frelon asiatique,43.299330555556,-0.44173055555556,2015
Le Frelon asiatique,48.114633333333,-1.6667611111111,2015
Le Frelon européen,46.258486111111,5.6215777777778,2015
Le Frelon européen,43.291252777778,5.8714083333333,2015
Le Frelon asiatique,48.114616666667,-1.6671583333333,2015
Le Frelon européen,44.721033333333,4.6090472222222,2015
Le Frelon asiatique,43.138597222222,5.7696666666667,2015
Le Frelon asiatique,43.139066666667,5.7682166666667,2015
Le Frelon européen,44.549419444444,1.9358638888889,2015
Le Frelon européen,43.549566666667,5.4506416666667,2015
Le Frelon européen,48.532047222222,2.7547222222222,2015
Le Frelon européen,45.067486111111,4.788325,2015
Le Frelon européen,48.118258333333,-1.60295,2015
Le Frelon européen,44.878583333333,1.0978972222222,2015
Le Frelon européen,43.386836111111,5.1695555555556,2015
Le Frelon asiatique,47.246197222222,-2.3197027777778,2015
Le Frelon asiatique,47.579233333333,-3.0439333333333,2015
Le Frelon asiatique,44.615013888889,2.0445277777778,2015
Le Frelon asiatique,48.218580555556,-1.7523861111111,2015
Le Frelon européen,47.627075,7.5384166666667,2015
Le Frelon européen,47.630575,7.5314388888889,2015
Le Frelon européen,46.235972222222,6.026,2015
Le Frelon européen,48.155077777778,-1.8284916666667,2015
Le Frelon européen,44.711436111111,4.567625,2015
Le Frelon asiatique,48.155086111111,-1.8284833333333,2015
Le Frelon asiatique,48.155019444444,-1.8284138888889,2015
Le Frelon asiatique,48.114280555556,-1.6673555555556,2015
Le Frelon européen,46.138547222222,6.1457333333333,2015
Le Frelon européen,48.253888888889,-1.6437722222222,2015
Le Frelon asiatique,45.775616666667,0.46854166666667,2015
Le Frelon européen,48.254205555556,-1.6436666666667,2015
Le Frelon asiatique,48.254011111111,-1.6425555555556,2015
Le Frelon asiatique,48.098905555556,-1.7881944444444,2015
Le Frelon asiatique,48.100686111111,-1.7938611111111,2015
Le Frelon asiatique,48.092322222222,-1.6587138888889,2015
Le Frelon européen,46.256966666667,6.1036722222222,2015
Le Frelon asiatique,48.161736111111,-1.6909222222222,2015
Le Frelon européen,48.161316666667,-1.6919083333333,2015
Le Frelon asiatique,48.161316666667,-1.6919083333333,2015
Le Frelon européen,48.219888888889,-1.6979194444444,2015
Le Frelon asiatique,47.899116666667,1.2326361111111,2015
Le Frelon européen,48.565130555556,2.7133472222222,2015
Le Frelon asiatique,48.111738888889,-1.6505222222222,2015
Le Frelon européen,47.307702777778,5.8927388888889,2015
Le Frelon européen,46.144916666667,6.0809638888889,2015
Le Frelon européen,44.736122222222,4.5960222222222,2015
Le Frelon européen,49.024194444444,1.8975111111111,2015
Le Frelon européen,48.86055,2.1006083333333,2015
Le Frelon asiatique,48.125008333333,-1.6598027777778,2015
Le Frelon asiatique,48.118372222222,-1.6031722222222,2015
Le Frelon européen,48.184955555556,-1.6524444444444,2015
Le Frelon asiatique,44.620891666667,2.0455555555556,2015
Le Frelon européen,44.620891666667,2.0455555555556,2015
Le Frelon européen,44.622127777778,2.0459527777778,2015
Le Frelon européen,44.907866666667,0.968608333333333,2015
Le Frelon asiatique,44.907866666667,0.968608333333333,2015
Le Frelon européen,46.790936111111,5.1961916666667,2015
Le Frelon européen,44.711383333333,4.6884027777778,2015
Le Frelon asiatique,48.122461111111,-1.6749527777778,2015
Le Frelon asiatique,43.567555555556,3.8374694444444,2015
Le Frelon asiatique,43.927633333333,2.1418555555556,2015
Le Frelon européen,43.9427,7.2700138888889,2015
Le Frelon européen,44.998205555556,1.0204444444444,2015
Le Frelon asiatique,44.998205555556,1.0204444444444,2015
Le Frelon européen,43.575580555556,3.8190972222222,2015
Le Frelon asiatique,43.575580555556,3.8190972222222,2015
Le Frelon asiatique,48.112722222222,-1.6501944444444,2015
Le Frelon européen,48.903161111111,2.0578194444444,2015
Le Frelon européen,43.3866,5.1693027777778,2015
Le Frelon européen,48.086083333333,-1.6745777777778,2015
Le Frelon européen,48.086108333333,-1.6746,2015
Le Frelon asiatique,48.086322222222,-1.6745361111111,2015
Le Frelon européen,48.086322222222,-1.6745361111111,2015
Le Frelon asiatique,44.615102777778,2.0444944444444,2015
Le Frelon asiatique,44.615327777778,2.0445888888889,2015
Le Frelon asiatique,44.999925,1.025725,2015
Le Frelon asiatique,48.114902777778,-1.666275,2015
Le Frelon européen,42.654019444444,2.3874805555556,2015
Le Frelon asiatique,42.654019444444,2.3874805555556,2015
Le Frelon asiatique,44.610116666667,2.0354083333333,2015
Le Frelon européen,44.610116666667,2.0354083333333,2015
Le Frelon asiatique,43.835663888889,7.1891805555556,2015
Le Frelon européen,46.192202777778,5.3636472222222,2015
Le Frelon asiatique,44.735988888889,4.5961805555556,2015
Le Frelon européen,44.732058333333,4.5957944444444,2015
Le Frelon asiatique,47.689408333333,-0.054472222222222,2015
Le Frelon asiatique,44.736055555556,4.5961305555556,2015
Le Frelon européen,44.347583333333,4.0272277777778,2015
Le Frelon asiatique,44.575669444444,1.8359,2015
Le Frelon européen,44.575669444444,1.8359,2015
Le Frelon asiatique,48.217888888889,-1.6976222222222,2015
Le Frelon européen,44.809325,-0.25281388888889,2015
Le Frelon asiatique,44.809325,-0.25281388888889,2015
Le Frelon européen,44.653983333333,4.7771777777778,2015
Le Frelon européen,44.652252777778,4.7762694444444,2015
Le Frelon asiatique,44.909933333333,1.6305,2015
Le Frelon asiatique,48.211386111111,-1.7032694444444,2015
Le Frelon européen,44.315177777778,2.0413944444444,2015
Le Frelon européen,44.315177777778,2.0413944444444,2015
Le Frelon asiatique,43.299394444444,-0.44187222222222,2015
Le Frelon asiatique,44.579402777778,2.0692111111111,2015
Le Frelon asiatique,43.574836111111,3.8174361111111,2015
Le Frelon européen,43.574836111111,3.8174361111111,2015
Le Frelon asiatique,45.001730555556,1.0246416666667,2015
Le Frelon asiatique,43.942005555556,7.2697138888889,2015
Le Frelon européen,43.942005555556,7.2697138888889,2015
Le Frelon européen,44.715666666667,4.5767111111111,2015
Le Frelon asiatique,44.735975,4.5957805555556,2015
Le Frelon asiatique,48.2179,-1.6976222222222,2015
Le Frelon asiatique,44.735961111111,4.5961583333333,2015
Le Frelon asiatique,44.614913888889,2.0443083333333,2015
Le Frelon asiatique,43.941958333333,7.2698416666667,2015
Le Frelon asiatique,48.114425,-1.6673444444444,2015
Le Frelon asiatique,48.217894444444,-1.6976083333333,2015
Le Frelon européen,49.191580555556,2.0754388888889,2015
Le Frelon européen,43.1249,6.0131444444444,2015
Le Frelon asiatique,48.114488888889,-1.6673305555556,2015
Le Frelon asiatique,44.849080555556,-0.57634444444444,2015
Le Frelon asiatique,46.490880555556,-0.062880555555556,2015
Le Frelon asiatique,44.614836111111,2.0448333333333,2015
Le Frelon européen,47.263772222222,3.9183611111111,2015
Le Frelon asiatique,43.299488888889,-0.44208333333333,2015
Le Frelon européen,43.299488888889,-0.44208333333333,2015
Le Frelon européen,48.538033333333,2.7545333333333,2015
Le Frelon asiatique,47.384944444444,0.66698611111111,2015
Le Frelon asiatique,44.833661111111,-0.56155555555556,2014
Le Frelon asiatique,44.8494,-0.579672222222219,2014
Le Frelon asiatique,43.299236111111,-0.44173055555556,2014
Le Frelon européen,48.875061111111,2.3622638888889,2014
Le Frelon asiatique,44.934741666667,1.018925,2014
Le Frelon européen,43.995980555556,4.436225,2014
Le Frelon européen,43.941941666667,7.2698972222222,2014
Le Frelon européen,43.299455555556,-0.44169444444444,2014
Le Frelon asiatique,43.299455555556,-0.44169444444444,2014
Le Frelon asiatique,45.001769444444,1.0249138888889,2014
Le Frelon européen,45.076530555556,0.966227777777782,2014
Le Frelon européen,48.485880555556,2.6441916666667,2014
Le Frelon asiatique,47.899147222222,1.2326888888889,2014
Le Frelon asiatique,43.299127777778,-0.44176111111111,2014
Le Frelon asiatique,43.299386111111,-0.44203611111111,2014
Le Frelon européen,44.721125,4.5679055555556,2014
Le Frelon asiatique,43.299333333333,-0.44175833333333,2014
Le Frelon asiatique,44.80965,-0.25325,2014
Le Frelon asiatique,47.597172222222,1.3584611111111,2014
Le Frelon européen,48.059313888889,7.5550083333333,2014
Le Frelon européen,43.94255,7.2704583333333,2014
Le Frelon européen,44.615294444444,2.0440861111111,2014
Le Frelon européen,44.711430555556,4.5676194444444,2014
Le Frelon européen,44.620458333333,2.0441,2014
Le Frelon européen,43.386491666667,5.1692083333333,2014
Le Frelon européen,44.711777777778,4.5673277777778,2014
Le Frelon européen,45.110027777778,4.5272944444444,2014
Le Frelon européen,46.181791666667,5.3762,2014
Le Frelon européen,46.256925,6.1036944444444,2014
Le Frelon européen,45.056213888889,4.5055944444444,2014
Le Frelon européen,44.615086111111,2.0444944444444,2014
Le Frelon européen,44.996713888889,1.0293638888889,2014
Le Frelon européen,44.711427777778,4.5676,2014
Le Frelon européen,47.307658333333,5.8926305555556,2014
Le Frelon européen,43.942602777778,7.2702833333333,2014
Le Frelon européen,45.001813888889,1.0247833333333,2014
Le Frelon asiatique,45.001813888889,1.0247833333333,2014
Le Frelon européen,46.191147222222,5.3642138888889,2014
Le Frelon asiatique,47.478563888889,-2.1619805555556,2014
Le Frelon asiatique,47.478563888889,-2.1619805555556,2014
Le Frelon européen,44.81195,-0.25806388888889,2014
Le Frelon européen,44.610430555556,2.0366444444444,2014
Le Frelon européen,44.907841666667,0.968719444444441,2014
Le Frelon européen,43.391627777778,5.17385,2014
Le Frelon asiatique,47.384133333333,-2.5213111111111,2014
Le Frelon asiatique,43.618811111111,1.3902222222222,2014
Le Frelon européen,45.056213888889,4.5055944444444,2014
Le Frelon européen,43.299277777778,-0.441825,2014
Le Frelon asiatique,43.299277777778,-0.441825,2014
Le Frelon européen,44.998205555556,1.0204527777778,2014
Le Frelon européen,43.942808333333,7.2701277777778,2014
Le Frelon européen,44.9999333333329,1.0257138888889,2014
Le Frelon asiatique,44.9999333333329,1.0257138888889,2014
Le Frelon européen,48.8748,2.0924083333333,2014
Le Frelon européen,43.291894444444,5.8706888888889,2014
Le Frelon européen,47.630355555556,7.5314472222222,2014
Le Frelon européen,44.711497222222,4.5675222222222,2014
Le Frelon européen,44.809255555556,-0.25274722222222,2014
Le Frelon asiatique,44.809255555556,-0.25274722222222,2014
Le Frelon européen,47.836630555556,-1.3798722222222,2014
Le Frelon européen,45.056213888889,4.5055944444444,2014
Le Frelon asiatique,42.654397222222,2.3886694444444,2014
Le Frelon européen,42.654397222222,2.3886694444444,2014
Le Frelon asiatique,48.136486111111,-1.6760277777778,2014
Le Frelon européen,46.179827777778,5.3614694444444,2014
Le Frelon européen,43.939219444444,7.2652055555556,2014
Le Frelon européen,48.182130555556,-1.6402944444444,2014
Le Frelon européen,44.809313888889,-0.2528,2014
Le Frelon asiatique,44.809313888889,-0.2528,2014
Le Frelon européen,43.942111111111,7.2699972222222,2014
Le Frelon européen,48.874744444444,2.0924611111111,2014
Le Frelon asiatique,43.634391666667,1.3914277777778,2014
Le Frelon asiatique,48.876675,2.0965,2014
Le Frelon asiatique,45.008663888889,1.0026916666667,2014
Le Frelon européen,43.291075,5.8715722222222,2014
Le Frelon européen,48.647155555556,1.7982888888889,2014
Le Frelon asiatique,44.849013888889,-0.57638888888889,2014
Le Frelon européen,43.105027777778,5.9715,2014
Le Frelon européen,43.1477,5.9858972222222,2014
Le Frelon asiatique,43.299333333333,-0.44130277777778,2013
Le Frelon asiatique,44.849191666667,-0.5765,2013
Le Frelon asiatique,46.449741666667,-1.6933805555556,2013
Le Frelon européen,44.615,2.0447055555556,2013
Le Frelon asiatique,45.001738888889,1.0247972222222,2013
Le Frelon européen,47.325325,1.069425,2013
Le Frelon asiatique,43.299552777778,-0.44167222222222,2013
Le Frelon européen,43.299552777778,-0.44167222222222,2013
Le Frelon européen,43.299258333333,-0.44171944444444,2013
Le Frelon européen,49.209036111111,0.57227222222222,2013
Le Frelon européen,48.195152777778,-1.7099555555556,2013
Le Frelon européen,48.19515,-1.709925,2013
Le Frelon européen,50.427352777778,3.4573916666667,2013
Le Frelon européen,44.852825,1.7833583333333,2013
Le Frelon européen,44.440955555556,3.9311194444444,2013
Le Frelon européen,43.343016666667,6.1289444444444,2013
Le Frelon européen,44.620452777778,2.0443611111111,2013
Le Frelon européen,43.341361111111,6.1252194444444,2013
Le Frelon asiatique,43.300611111111,-0.44426944444444,2013
Le Frelon européen,43.138125,5.9925138888889,2013
Le Frelon européen,44.001016666667,4.4164805555556,2013
Le Frelon européen,44.428322222222,5.7056972222222,2013
Le Frelon européen,44.711777777778,4.5674222222222,2013
Le Frelon asiatique,47.597186111111,1.3585472222222,2013
Le Frelon européen,47.597186111111,1.3585472222222,2013
Le Frelon européen,50.031647222222,3.4758916666667,2013
Le Frelon asiatique,44.803469444444,-0.25091111111111,2013
Le Frelon européen,47.557958333333,1.2650361111111,2013
Le Frelon européen,44.711413888889,4.5675666666667,2013
Le Frelon asiatique,45.001686111111,1.0247138888889,2013
Le Frelon européen,46.138561111111,6.1457305555556,2013
Le Frelon européen,48.485891666667,2.6440833333333,2013
Le Frelon européen,48.446030555556,2.1465277777778,2013
Le Frelon européen,47.548005555556,1.3455138888889,2013
Le Frelon asiatique,47.571316666667,1.3541611111111,2013
Le Frelon européen,47.571316666667,1.3541611111111,2013
Le Frelon européen,43.822408333333,4.3798305555556,2013
Le Frelon européen,44.711438888889,4.5676083333333,2013
Le Frelon européen,48.327780555556,-1.8286944444444,2013
Le Frelon asiatique,43.839702777778,4.3487194444444,2013
Le Frelon européen,48.325783333333,-1.8246111111111,2013
Le Frelon européen,45.056213888889,4.5055972222222,2013
Le Frelon européen,43.299325,-0.44181111111111,2013
Le Frelon européen,43.830091666667,4.3702861111111,2013
Le Frelon européen,44.727305555556,4.5852333333333,2013
Le Frelon asiatique,44.809486111111,-0.25311388888889,2013
Le Frelon asiatique,45.001813888889,1.0247638888889,2013
Le Frelon européen,44.998202777778,1.0204555555556,2013
Le Frelon asiatique,44.998202777778,1.0204555555556,2013
Le Frelon européen,46.199277777778,5.3667111111111,2013
Le Frelon asiatique,47.586038888889,1.3257805555556,2013
Le Frelon européen,48.874736111111,2.0924666666667,2013
Le Frelon européen,45.056213888889,4.5055972222222,2013
Le Frelon européen,42.650997222222,2.3914055555556,2013
Le Frelon asiatique,42.650997222222,2.3914055555556,2013
Le Frelon européen,44.999938888889,1.0257166666667,2013
Le Frelon asiatique,44.999938888889,1.0257166666667,2013
Le Frelon européen,48.332852777778,-1.8351305555556,2013
Le Frelon européen,43.576069444444,3.8178944444444,2013
Le Frelon européen,44.620847222222,2.0455666666667,2013
Le Frelon asiatique,44.615058333333,2.0444833333333,2013
Le Frelon européen,44.615058333333,2.0444833333333,2013
Le Frelon européen,48.195280555556,-1.70985,2013
Le Frelon asiatique,44.610327777778,2.0354027777778,2013
Le Frelon asiatique,43.575625,3.8187888888889,2013
Le Frelon européen,43.575625,3.8187888888889,2013
Le Frelon asiatique,43.393247222222,3.68605555555559,2013
Le Frelon asiatique,43.299497222222,-0.4421,2013
Le Frelon européen,43.299497222222,-0.4421,2013
Le Frelon européen,44.231022222222,5.1883555555556,2013
Le Frelon asiatique,44.231022222222,5.1883555555556,2013
Le Frelon européen,44.715663888889,4.5767222222222,2013
Le Frelon asiatique,44.342219444444,4.071725,2013
Le Frelon européen,44.342219444444,4.071725,2013
Le Frelon asiatique,44.609958333333,2.034025,2013
Le Frelon européen,47.875238888889,3.0470972222222,2013
Le Frelon européen,48.213663888889,-1.7070888888889,2013
Le Frelon européen,48.213663888889,-1.7070888888889,2013
Le Frelon asiatique,43.613125,3.8531472222222,2013
Le Frelon asiatique,43.309475,-0.43581944444444,2013
Le Frelon asiatique,44.849058333333,-0.576375,2013
Le Frelon européen,43.286369444444,5.879775,2013
Le Frelon européen,48.779666666667,6.7459166666667,2013
Le Frelon asiatique,44.835869444444,-0.55105833333333,2012
Le Frelon asiatique,44.849769444444,-0.58013611111111,2012
Le Frelon asiatique,44.849469444444,-0.5797,2012
Le Frelon européen,45.000338888889,1.0233611111111,2012
Le Frelon européen,45.001694444444,1.024925,2012
Le Frelon asiatique,45.001694444444,1.024925,2012
Le Frelon européen,43.299441666667,-0.44203333333333,2012
Le Frelon européen,44.655447222222,4.6224361111111,2012
Le Frelon européen,43.299533333333,-0.44195555555556,2012
Le Frelon européen,48.211233333333,-1.7080333333333,2012
Le Frelon asiatique,43.299572222222,-0.44169722222222,2012
Le Frelon asiatique,45.001894444444,1.0249833333333,2012
Le Frelon asiatique,45.828219444444,1.2671305555556,2012
Le Frelon asiatique,45.001683333333,1.0248138888889,2012
Le Frelon asiatique,45.857391666667,1.256425,2012
Le Frelon asiatique,44.809497222222,-0.25314722222222,2012
Le Frelon asiatique,44.808363888889,-0.253525,2012
Le Frelon européen,47.597133333333,1.3584638888889,2012
Le Frelon asiatique,44.906758333333,2.25005,2012
Le Frelon européen,48.177327777778,-1.6424472222222,2012
Le Frelon asiatique,44.849233333333,-0.57846944444444,2012
Le Frelon européen,46.017422222222,4.0791694444444,2012
Le Frelon asiatique,44.984936111111,1.0501888888889,2012
Le Frelon européen,44.984936111111,1.0501888888889,2012
Le Frelon européen,43.842147222222,4.3505222222222,2012
Le Frelon européen,43.386608333333,5.1692305555556,2012
Le Frelon européen,45.056213888889,4.5055972222222,2012
Le Frelon asiatique,44.713236111111,-0.54400277777778,2012
Le Frelon européen,48.863369444444,2.1027055555556,2012
Le Frelon européen,48.863369444444,2.1027055555556,2012
Le Frelon européen,44.71145,4.5675805555556,2012
Le Frelon asiatique,43.404902777778,-1.6543861111111,2012
Le Frelon asiatique,43.494405555556,-1.5461916666667,2012
Le Frelon européen,46.144897222222,6.0809583333333,2012
Le Frelon asiatique,44.999966666667,1.025725,2012
Le Frelon asiatique,44.977969444444,1.0366583333333,2012
Le Frelon asiatique,44.998141666667,1.0204472222222,2012
Le Frelon asiatique,47.586016666667,1.3256777777778,2012
Le Frelon européen,43.942319444444,7.270075,2012
Le Frelon asiatique,44.710797222222,-0.53370277777778,2012
Le Frelon européen,43.299405555556,-0.441875,2012
Le Frelon européen,44.809888888889,-0.25343333333333,2012
Le Frelon asiatique,44.809888888889,-0.25343333333333,2012
Le Frelon asiatique,44.999958333333,1.0257305555556,2012
Le Frelon asiatique,43.542075,1.4599,2012
Le Frelon européen,43.941838888889,7.2697361111111,2012
Le Frelon européen,43.941838888889,7.2697361111111,2012
Le Frelon asiatique,43.941838888889,7.2697361111111,2012
Le Frelon asiatique,44.8093,-0.252775,2012
Le Frelon européen,44.8093,-0.252775,2012
Le Frelon asiatique,46.409913888889,-1.5368638888889,2012
Le Frelon asiatique,44.999947222222,1.025725,2012
Le Frelon asiatique,44.999947222222,1.025725,2012
Le Frelon asiatique,44.809880555556,-0.25335833333333,2012
Le Frelon européen,44.809880555556,-0.25335833333333,2012
Le Frelon européen,43.299375,-0.44183888888889,2012
Le Frelon asiatique,43.299375,-0.44183888888889,2012
Le Frelon asiatique,43.299505555556,-0.44185833333333,2012
Le Frelon asiatique,43.299513888889,-0.44186388888889,2012
Le Frelon asiatique,44.809352777778,-0.25267777777778,2012
Le Frelon européen,44.809352777778,-0.25267777777778,2012
Le Frelon asiatique,43.299397222222,-0.44129722222222,2012
Le Frelon européen,49.191588888889,2.0754,2012
Le Frelon asiatique,43.299513888889,-0.44186944444444,2012
Le Frelon européen,44.313308333333,2.0432111111111,2012
Le Frelon asiatique,43.542130555556,1.4597388888889,2012
Le Frelon asiatique,43.542130555556,1.4597388888889,2012
Le Frelon européen,43.304683333333,6.1894166666667,2012
Le Frelon européen,45.711644444444,1.9361111111111,2012
Le Frelon asiatique,44.8325916667,-0.559830555556,2011
Le Frelon asiatique,44.80975,-0.253475,2011
Le Frelon asiatique,44.826475,-0.433230555556,2011
Le Frelon asiatique,43.1350666667,-0.444947222222,2011
Le Frelon asiatique,43.3066916667,-0.436705555556,2011
Le Frelon européen,44.7114277778,4.56774166667,2011
Le Frelon asiatique,43.2762055556,1.2,2011
Le Frelon européen,43.2762055556,-0.455933333333,2011
Le Frelon asiatique,43.3046944444,-0.435333333333,2011
Le Frelon européen,48.6529555556,6.16500277778,2011
Le Frelon asiatique,44.8573055556,1.03002222222,2011
Le Frelon européen,43.3996833333,5.16353055556,2011
Le Frelon européen,44.3541555556,2.05511388889,2011
Le Frelon asiatique,43.2992472222,-0.441825,2011
Le Frelon européen,45.0724,0.756125,2011
Le Frelon asiatique,44.8094388889,-0.25315,2011
Le Frelon européen,43.9418527778,7.26980555556,2011
Le Frelon européen,48.8658027778,2.10079166667,2011
Le Frelon européen,43.9418583333,7.2698,2011
Le Frelon européen,44.854325,-0.599338888889,2011
Le Frelon européen,48.2589694444,-1.39731388889,2011
Le Frelon européen,44.7114444444,4.56762777778,2011
Le Frelon asiatique,44.9068916667,2.25005555556,2011
Le Frelon européen,47.3044222222,5.90696388889,2011
Le Frelon européen,44.6272222222,4.67275555556,2011
Le Frelon européen,46.0378194444,6.12283888889,2011
Le Frelon européen,46.0378194444,6.12283888889,2011
Le Frelon asiatique,44.8090083333,-0.255611111111,2011
Le Frelon européen,45.3693277778,4.80406944444,2011
Le Frelon européen,47.597058333333,1.3583361111111,2011
Le Frelon européen,47.3090638889,5.89200277778,2011
Le Frelon européen,43.3953333333,5.16211388889,2011
Le Frelon européen,43.3000027778,-0.441808333333,2011
Le Frelon asiatique,44.8123388889,-0.258597222222,2011
Le Frelon européen,44.7114305556,4.56760277778,2011
Le Frelon européen,43.5195111111,5.44261111111,2011
Le Frelon européen,45.0562138889,4.50559722222,2011
Le Frelon asiatique,44.8098833333,-0.253355555556,2011
Le Frelon européen,48.5831055556,7.7669,2011
Le Frelon européen,44.7116027778,4.56748055556,2011
Le Frelon asiatique,45.001894444444,1.0250972222222,2011
Le Frelon asiatique,45.001894444444,1.0250972222222,2011
Le Frelon européen,48.261244444444,-1.3948861111111,2011
Le Frelon asiatique,44.8163194444,-0.229663888889,2011
Le Frelon asiatique,44.8418805556,-0.543052777778,2011
Le Frelon européen,43.3951472222,5.16215833333,2011
Le Frelon européen,45.0018361111,1.0248,2011
Le Frelon européen,44.6135861111,4.54276111111,2011
Le Frelon européen,45.0552888889,4.51039166667,2011
Le Frelon asiatique,44.8123277778,-0.258597222222,2011
Le Frelon européen,44.8123277778,-0.258597222222,2011
Le Frelon asiatique,43.2994694444,-0.442044444444,2011
Le Frelon européen,43.2994694444,-0.442044444444,2011
Le Frelon européen,45.0562138889,4.50559722222,2011
Le Frelon européen,44.8224555556,-0.248994444444,2011
Le Frelon asiatique,44.8224555556,-0.248994444444,2011
Le Frelon européen,43.8400611111,4.352175,2011
Le Frelon asiatique,43.8400611111,4.352175,2011
Le Frelon asiatique,44.9995083333,1.02883055556,2011
Le Frelon européen,47.2445777778,-1.53705555556,2011
Le Frelon asiatique,44.8093027777999,-0.252736111111,2011
Le Frelon asiatique,43.2995833333,-0.441975,2011
Le Frelon européen,43.813675,7.18188333333,2011
Le Frelon européen,45.0562138889,4.50559722222,2011
Le Frelon asiatique,45.0018305556,1.02481944444,2011
Le Frelon asiatique,44.7948194444,-0.260669444444,2011
Le Frelon asiatique,42.6547944443999,2.38763888889,2011
Le Frelon européen,48.4091,2.63506666667,2011
Le Frelon européen,43.2995222222,-0.442097222222,2011
Le Frelon asiatique,43.2995222222,-0.442097222222,2011
Le Frelon européen,44.3423666667,2.05020277778,2011
Le Frelon asiatique,43.2995222222,-0.441916666667,2011
Le Frelon asiatique,44.8575194444,1.32548333333,2011
Le Frelon asiatique,44.8098777778,-0.253416666667,2011
Le Frelon européen,43.3052861111,6.18865,2011
Le Frelon européen,43.9418611111,7.26981666667,2011
Le Frelon asiatique,43.2993722222,-0.441502777778,2011
Le Frelon asiatique,43.2993722222,-0.441502777778,2011
Le Frelon européen,48.4888583333,7.65820277778,2011
Le Frelon européen,42.58690087305801,2.242216226955121,2019
Le Frelon asiatique,43.84078744302611,4.350083995284609,2019
Le Frelon asiatique,44.61504899385457,2.0442401274858573,2020
Le Frelon asiatique,42.532844281713125,2.276491678631252,2019
Le Frelon asiatique,43.37242588914082,-1.7614066600799563,2020
Le Frelon asiatique,44.71162808971797,4.567634625833429,2020
Le Frelon européen,44.70909396174192,4.5665301512040335,2019
Le Frelon asiatique,43.54204,1.459778,2020
Le Frelon asiatique,48.21356157773999,-1.692335122061295,2020
Le Frelon européen,44.71143855659257,4.567722849749961,2020
Le Frelon asiatique,44.71144999340783,4.567754982227199,2019
Le Frelon européen,44.711469054761594,4.567745565019666,2020
Le Frelon asiatique,49.981952474595275,1.251870095729828,2020
Le Frelon européen,50.845754090316525,4.42127823829651,2020
Le Frelon asiatique,47.543502,2.81784,2020
Le Frelon asiatique,48.512156,-3.929478,2020
Le Frelon européen,43.555452947421,0.20743131637573242,2020
Le Frelon européen,44.187922200699184,3.9340643660587165,2020
Le Frelon européen,44.18789912111589,3.9340387179804552,2020
Le Frelon européen,49.0976857,2.1923727,2020
Le Frelon européen,48.60683723752135,-1.6392373070179624,2020
Le Frelon européen,46.80785861890998,2.607804609522702,2020
Le Frelon européen,46.3017888,-0.1816407,2020
Le Frelon européen,48.32596916839509,-4.11392427033303,2020
Le Frelon européen,47.2860333,-1.6672977,2020
Le Frelon européen,48.18612563627661,-1.635970483776661,2020
Le Frelon européen,48.49825478938246,2.6639780853260313,2020
Le Frelon européen,44.187897197816866,3.933979882925707,2020
Le Frelon européen,43.888543008013734,0.22347280193730337,2020
Le Frelon asiatique,49.026632732941195,1.8941972229660362,2020
Le Frelon européen,47.22528075405104,2.3671460151672363,2020
Le Frelon européen,44.18788373472202,3.9340482812267705,2020
Le Frelon asiatique,45.00183808631045,1.0250920061039361,2020
Le Frelon européen,48.16110559975567,-1.7168672348277616,2020
Le Frelon asiatique,48.161129753090506,-1.7168778301420875,2020
Le Frelon asiatique,48.07802339053301,-0.7653146982192994,2020
Le Frelon asiatique,48.24867792710109,-1.8202596788249563,2020
Le Frelon européen,46.86719660419933,2.744232414014625,2020
Le Frelon asiatique,49.87502949913942,1.0400314617413111,2020
Le Frelon européen,45.001838086306094,1.0250169038023984,2020
Le Frelon européen,45.77585841134995,4.856346845654117,2020
Le Frelon asiatique,45.77585841134995,4.856346845654117,2020
Le Frelon asiatique,43.15371205394117,6.48470275143124,2020
Le Frelon européen,45.385500303955475,5.159375899947754,2020
Le Frelon européen,44.00178285151085,4.411139488220216,2020
Le Frelon asiatique,44.001458717856615,4.410924911499024,2020
Le Frelon asiatique,48.21094280945561,-1.4993266761302948,2020
Le Frelon asiatique,45.8408927,1.3010066,2020
Le Frelon asiatique,43.98130879211434,4.46196734905243,2020
Le Frelon européen,48.21094727794912,-1.6958105564117434,2020
Le Frelon asiatique,44.1160183,3.7650511000000004,2020
Le Frelon asiatique,47.44989731837996,-0.5429788370130574,2020
Le Frelon asiatique,45.00183808630635,1.0250115504890458,2020
Le Frelon asiatique,45.042392,1.48223,2020
Le Frelon européen,48.26917,-1.42255,2020
Le Frelon européen,47.89636622047809,3.6682224915684585,2020
Le Frelon asiatique,47.89636622047809,3.6682224915684585,2020
Le Frelon asiatique,48.01744934153099,3.702058200536023,2020
Le Frelon européen,43.57485168538997,3.817488320405498,2020
Le Frelon asiatique,48.18573162067748,-1.6364479064941408,2020
Le Frelon asiatique,44.98472867535401,1.0504603385925295,2020
Le Frelon européen,44.18746124873384,3.9342686257221797,2020
Le Frelon asiatique,43.15396251473067,6.484573960379297,2020
Le Frelon asiatique,44.16476819627211,3.974637721213213,2020
Le Frelon asiatique,44.7099928614332,4.566695858321062,2020
Le Frelon asiatique,48.21451122419175,-1.693423390388489,2020
Le Frelon européen,48.214822208736585,-1.6927206516265871,2020
Le Frelon asiatique,44.70995642151077,4.566715142657469,2020
Le Frelon européen,48.51447226013516,-1.5090755385627588,2020
Le Frelon européen,48.21447190417226,-1.6934394836425783,2020
Le Frelon asiatique,48.21447190417226,-1.6934394836425783,2020
Le Frelon asiatique,44.98530539499587,1.052649035855118,2020
Le Frelon asiatique,48.21449335145937,-1.69339656829834,2020
Le Frelon asiatique,43.1390470900391,5.7682098957795755,2020
Le Frelon européen,44.627748321450035,5.340932312233787,2020
Le Frelon asiatique,48.21450407509954,-1.6933268308639529,2020
Le Frelon européen,48.21450407509954,-1.6933268308639529,2020
Le Frelon européen,48.214396838596684,-1.693423390388489,2020
Le Frelon européen,46.25853219155262,5.621556078759494,2020
Le Frelon européen,48.214386114934044,-1.6934394836425783,2020
Le Frelon asiatique,43.14274412606268,5.768885804141616,2020
Le Frelon européen,48.21447190417226,-1.6933429241180422,2020
Le Frelon européen,48.214700674771485,-1.6930425167083742,2020
Le Frelon asiatique,48.214700674771485,-1.6930425167083742,2020
Le Frelon européen,48.8434802489964,2.3585501201319885,2020
Le Frelon asiatique,48.8434802489964,2.3585501201319885,2020
Le Frelon européen,48.214386114934044,-1.6934394836425783,2020
Le Frelon européen,44.985312983372076,1.0526919364929201,2020
Le Frelon européen,48.21472212196277,-1.6929566860198975,2020
Le Frelon européen,46.25810194725561,5.6211912009147555,2020
Le Frelon asiatique,48.185828187559956,-1.637284755706787,2020
Le Frelon européen,48.631490469357196,1.6859180233811613,2020
Le Frelon européen,46.258050020991455,5.621201931347858,2020
Le Frelon européen,46.14485093446951,6.081025153398515,2020
Le Frelon européen,48.2144433077755,-1.6933321952819826,2020
Le Frelon asiatique,48.70260710140237,2.2418868541717534,2020
Le Frelon européen,48.21478646348269,-1.6928815841674807,2020
Le Frelon européen,48.21856191803987,-1.752385050058365,2020
Le Frelon asiatique,48.63502505069234,-2.1240091412179485,2020
Le Frelon asiatique,50.434846,2.8390905,2020
Le Frelon européen,48.21436347610148,-1.6932960864190227,2020
Le Frelon européen,48.21446952117616,-1.693345840678935,2020
Le Frelon asiatique,48.7024843694513,2.2407817840576176,2020
Le Frelon européen,49.031910301607674,2.031462192535401,2020
Le Frelon européen,49.03825853955842,1.9930921867508375,2020
Le Frelon européen,49.03203666666666,2.0306783333333334,2020
Le Frelon asiatique,49.03203666666666,2.0306783333333334,2020
Le Frelon asiatique,49.03831808067558,1.9928169250488283,2020
Le Frelon européen,48.212709621387006,-1.692892297944706,2020
Le Frelon européen,48.21266315063478,-1.6928279399871828,2020
Le Frelon européen,48.41190736133526,7.595606670575853,2020
Le Frelon asiatique,48.22177180349417,-1.6929333001839697,2020
Le Frelon asiatique,47.99617002780279,-1.7512115836143496,2020
Le Frelon européen,46.25833190583435,5.621556089938711,2020
Le Frelon européen,46.73986059969267,5.240628567242732,2020
Le Frelon européen,48.22249137156584,-1.6988710893129346,2020
Le Frelon asiatique,48.838385591547286,2.326495539719749,2020
Le Frelon européen,46.07688129890501,6.0978949069976816,2020
Le Frelon européen,48.212732261005314,-1.6929284794575719,2020
Le Frelon européen,48.631401835750154,1.685942882723506,2020
Le Frelon asiatique,48.631401835750154,1.685942882723506,2020
Le Frelon européen,48.212710812980575,-1.6929483756450294,2020
Le Frelon asiatique,43.518262,7.034415,2020
Le Frelon européen,44.99882628997467,1.0291957384773334,2020
Le Frelon européen,48.42705055225437,-1.3763595103084847,2020
Le Frelon européen,43.52197020034339,7.031761625750566,2020
Le Frelon européen,48.631391199706854,1.685943982277514,2020
Le Frelon asiatique,48.702935171939465,2.2409856319427495,2020
Le Frelon asiatique,48.897131543221526,2.1073043346405034,2020
Le Frelon asiatique,48.93957070858862,1.7394757368543527,2020
Le Frelon européen,46.14016773063336,6.078617870807648,2020
Le Frelon européen,48.21276562461791,-1.69307050401101,2020
Le Frelon asiatique,49.01085236926213,1.9024266179481188,2020
Le Frelon européen,47.537791480669135,7.452659459824293,2020
Le Frelon européen,44.71142731040032,4.567560057709673,2020
Le Frelon européen,48.299368433534305,-1.425711850372451,2020
Le Frelon asiatique,48.62021325179854,2.027460336685181,2020
Le Frelon européen,46.86719843800334,2.7442458281985886,2020
Le Frelon européen,43.57576640365973,3.818668510240997,2020
Le Frelon asiatique,43.57576640365973,3.818668510240997,2020
Le Frelon asiatique,43.12169419494889,6.019078265422007,2020
Le Frelon européen,44.718846,4.35838,2020
Le Frelon asiatique,44.718846,4.35838,2020
Le Frelon européen,44.03682514000682,4.353483283219584,2020
Le Frelon asiatique,44.03682514000682,4.353483283219584,2020
Le Frelon européen,44.03677886266627,4.3533975645278,2020
Le Frelon européen,49.738476399042554,4.21218073092764,2020
Le Frelon européen,44.03682514000682,4.353526284715109,2020
Le Frelon asiatique,45.001769810559345,1.0246843092857907,2020
Le Frelon asiatique,48.161188794527774,-1.7167344689369204,2020
Le Frelon européen,44.03684056577898,4.353462015080335,2020
Le Frelon européen,44.712718830470436,4.56921712619646,2020
Le Frelon asiatique,43.380772680924444,5.17086803915845,2020
Le Frelon européen,43.380772680924444,5.17086803915845,2020
Le Frelon asiatique,46.883195993161095,2.5685960134443557,2020
Le Frelon européen,44.03685599154712,4.35341889297297,2020
Le Frelon européen,45.7760039716959,4.857018264010549,2020
Le Frelon européen,47.63005678461523,7.567100778509917,2020
Le Frelon asiatique,48.2949610002349,-1.432401465690061,2020
Le Frelon européen,48.16117448145832,-1.7167532444000246,2020
Le Frelon asiatique,48.16117448145832,-1.7167532444000246,2020
Le Frelon européen,44.7542767596201,4.817342897861888,2020
Le Frelon européen,44.70720792360304,4.658460093413269,2020
Le Frelon asiatique,48.8398649668164,2.4327664556335065,2020
Le Frelon asiatique,48.84013682816348,2.4054775500422387,2020
Le Frelon asiatique,48.87470414976228,2.09241271018982,2020
Le Frelon asiatique,42.6463418575522,2.5881494301361934,2020
Le Frelon européen,48.29555343850503,-1.4315431554073934,2020
Le Frelon asiatique,46.573402,0.343954,2020
Le Frelon européen,46.14483328028247,6.081088185310365,2020
Le Frelon asiatique,48.84331078847375,2.4084686258711367,2020
Le Frelon asiatique,43.13891165176495,5.771191590824324,2020
Le Frelon asiatique,44.81942697296522,2.4648644693760784,2020
Le Frelon asiatique,48.2940295020656,-1.4312910829757053,2020
Le Frelon européen,44.830484,2.471563,2020
Le Frelon asiatique,48.89822302576489,2.316754662893561,2020
Le Frelon asiatique,48.84370972587347,2.4085832442004045,2020
Le Frelon asiatique,48.293768,-1.42464,2020
Le Frelon européen,48.293768,-1.42464,2020
Le Frelon asiatique,44.81942697296522,2.46486415061622,2020
Le Frelon européen,44.81942697296522,2.46486415061622,2020
Le Frelon européen,46.86769172900653,2.744409438946218,2020
Le Frelon européen,47.96281574200242,6.960268020629884,2020
Le Frelon asiatique,43.548796947590226,7.027837924367125,2020
Le Frelon européen,49.01514262665534,1.8748718018479351,2020
Le Frelon européen,44.71155095498899,4.567069202846038,2020
Le Frelon asiatique,48.7029833,2.2423119,2020
Le Frelon asiatique,48.21632944425002,-1.6899382862347427,2020
Le Frelon asiatique,48.63135929156346,1.685938552381301,2020
Le Frelon asiatique,48.90460393055256,2.1091765165328984,2020
Le Frelon européen,46.86769906415453,2.7444013903180142,2020
Le Frelon asiatique,44.43219892258248,3.9155863569294,2020
Le Frelon européen,47.80744249768903,7.541959645689746,2020
Le Frelon européen,44.18759075141127,3.934481539311419,2020
Le Frelon asiatique,44.18759075141127,3.934481539311419,2020
Le Frelon asiatique,48.10621328891298,-1.7104339599609377,2020
Le Frelon asiatique,48.83082561964202,2.4316802655236107,2020
Le Frelon européen,48.77546880418688,2.088142633438111,2020
Le Frelon asiatique,48.77546880418688,2.088142633438111,2020
Le Frelon asiatique,43.633628,3.904161,2020
Le Frelon asiatique,49.02631073223378,1.8947446346282961,2020
Le Frelon européen,44.03218180006731,4.454308953980962,2020
Le Frelon européen,45.38167228361553,5.161870224609851,2020
Le Frelon asiatique,45.00169394852568,1.024968615033335,2020
Le Frelon européen,44.71149311971175,4.567904958874701,2020
Le Frelon asiatique,48.16117515238353,-1.7166706580579396,2020
Le Frelon asiatique,43.55547497737224,0.20735242095309747,2020
Le Frelon européen,48.86045163949356,2.100770473480225,2020
Le Frelon européen,46.86769539658067,2.7444040745281884,2020
Le Frelon asiatique,43.555413423121855,0.2073355486844753,2020
Le Frelon asiatique,45.7716774,4.8671135,2020
Le Frelon européen,45.7716774,4.8671135,2020
Le Frelon asiatique,45.00166739679099,1.0249578816564675,2020
Le Frelon asiatique,48.87179328358676,2.099424004554749,2020
Le Frelon asiatique,43.55540985946325,0.20733649331980525,2020
Le Frelon asiatique,45.39179383311421,5.16578234732151,2020
Le Frelon asiatique,48.295449940748576,-1.4316826328245893,2020
Le Frelon européen,48.814210552718286,3.15013644131059,2020
Le Frelon asiatique,45.86134915581473,6.0884079337120065,2020
Le Frelon asiatique,43.304852219109435,6.188949197530747,2020
Le Frelon asiatique,43.44311628615993,1.3754368427267674,2020
Le Frelon asiatique,45.0017394657599,1.024914972764628,2020
Le Frelon asiatique,45.66671062047592,0.29778365191422745,2020
Le Frelon asiatique,48.21277694433413,-1.6928771701386185,2020
Le Frelon asiatique,48.294964569160705,-1.432026009944727,2020
Le Frelon asiatique,43.29111064719027,5.871079958360148,2020
Le Frelon asiatique,46.191141169215776,5.3642939776182175,2020
Le Frelon asiatique,48.6964028606558,-1.934006462234508,2020
Le Frelon asiatique,45.0016636036856,1.0249525310105814,2020
Le Frelon asiatique,48.3083962383315,-1.4324927253564645,2020
Le Frelon asiatique,48.4057,2.149608,2020
Le Frelon asiatique,48.4057,2.149608,2020
Le Frelon asiatique,43.55541860663433,0.20732575685880494,2020
Le Frelon asiatique,44.87430157096785,1.3695466518402102,2020
Le Frelon asiatique,45.001754638162716,1.0248935182791996,2020
Le Frelon asiatique,44.89769902504719,1.3794709692241018,2020
Le Frelon asiatique,43.55540370405517,0.20734862207856256,2020
Le Frelon asiatique,44.61555686754856,2.044629252390036,2020
Le Frelon européen,44.61555686754856,2.044629252390036,2020
Le Frelon asiatique,43.5554150429612,0.2073271571779456,2020
Le Frelon asiatique,45.001754638162716,1.024904251098633,2020
Le Frelon asiatique,43.44312123265098,1.375421341526444,2020
Le Frelon asiatique,48.2127763485654,-1.6928718352044838,2020
Le Frelon asiatique,44.614781972115594,2.0448403394561026,2020
Le Frelon asiatique,44.61508746202749,2.044100792764696,2020
Le Frelon asiatique,45.05589450436617,4.510005731883658,2020
Le Frelon asiatique,44.614876156478395,2.044241895145516,2020
Le Frelon asiatique,44.61553959442671,2.04465126672607,2020
Le Frelon européen,44.61506472326831,2.0445052264744983,2020
Le Frelon asiatique,44.60664725217725,1.8970897496108612,2020
Le Frelon européen,44.60664725217725,1.8970897496108612,2020
Le Frelon asiatique,43.2899067672084,5.871347487803785,2020
Le Frelon asiatique,45.055921030958835,4.510188132994833,2020
Le Frelon asiatique,45.05588692533744,4.510139768469089,2020
Le Frelon européen,44.711302267703346,4.56789265485198,2020
Le Frelon asiatique,45.656375,0.9801366666666667,2020
Le Frelon asiatique,45.05554207846744,4.5095524639892,2020
Le Frelon asiatique,48.86874548401374,2.479672717246802,2020
Le Frelon européen,48.41374458298991,2.6974552270369494,2020
Le Frelon asiatique,45.05588692533744,4.510150456134282,2020
Le Frelon asiatique,45.05540565495577,4.509834072928528,2020
Le Frelon asiatique,43.23690164515037,5.824929263045499,2020
Le Frelon asiatique,45.05615976973899,1.5837242775639429,2020
Le Frelon asiatique,48.8660292688983,2.4702490873891496,2020
Le Frelon européen,44.0313487371355,4.454631031072319,2020
Le Frelon asiatique,48.866652103828194,2.466352447888563,2020
Le Frelon européen,44.032737168849714,4.459300653779827,2020
Le Frelon asiatique,43.30440914008515,6.189127611774685,2020
Le Frelon asiatique,47.11211574055683,2.38366574048996,2021
Le Frelon asiatique,45.7752012,4.8602488,2020
Le Frelon asiatique,43.31410929458401,3.550144336525008,2020
Le Frelon asiatique,48.840542852103084,2.4320740579973603,2021
Le Frelon asiatique,48.86876271554346,2.4796408677653496,2020
Le Frelon asiatique,48.871095532621936,2.4828451126387434,2020
Le Frelon asiatique,43.56354646131011,7.025429614442282,2020
Le Frelon asiatique,43.56442494255445,7.028352166868546,2020
Le Frelon asiatique,43.56355034842348,7.025392054510915,2020
Le Frelon asiatique,43.55175771740557,6.935666130309022,2021
Le Frelon asiatique,48.51817854267546,2.6571080469457713,2020
Le Frelon asiatique,43.28963148344909,3.4410487925109527,2021
Le Frelon européen,46.258407940313546,5.6215828832823345,2021
Le Frelon asiatique,43.55560375510458,0.20712364194763747,2021
Le Frelon européen,48.2128555869461,-1.6915387038220777,2021
Le Frelon asiatique,48.86916806630701,2.479714804954041,2021
Le Frelon asiatique,45.6562466816346,0.9799799323081971,2021
Le Frelon européen,45.05728144971248,4.511405794131354,2021
Le Frelon asiatique,43.9302864,2.0829749,2021
Le Frelon asiatique,47.87535362742435,3.0470541583513016,2021
Le Frelon asiatique,43.555399168426895,0.20739263905294794,2021
Le Frelon européen,47.608290519565344,7.1732330694794655,2021
Le Frelon européen,48.856328,2.109378,2021
Le Frelon européen,48.504946413304836,-4.254702438294083,2021
Le Frelon asiatique,44.80386941249397,-0.6058359146118165,2021
Le Frelon européen,44.34972090992962,2.0511407296722033,2021
Le Frelon asiatique,46.463388681019275,-0.793890953063965,2021
Le Frelon asiatique,45.775054595433176,4.857021449133754,2021
Le Frelon asiatique,46.463421936975536,-0.793890953063965,2021
Le Frelon asiatique,44.52888185886877,4.3302664389309475,2021
Le Frelon asiatique,44.70996509465713,4.566687666155596,2021
Le Frelon asiatique,48.1609544175126,-1.716742492195398,2021
Le Frelon européen,43.55186844072228,6.935525977650704,2021
Le Frelon européen,43.551858721054195,6.935523328585815,2021
Le Frelon asiatique,43.553213,6.935268,2021
Le Frelon européen,43.55178096365304,6.935566158396795,2021
Le Frelon européen,47.52520320786727,-1.7704403741168975,2021
Le Frelon européen,45.77477648226367,4.85675363031767,2021
Le Frelon asiatique,45.77477648226367,4.85675363031767,2021
Le Frelon asiatique,48.87485762709654,2.077495553637903,2021
Le Frelon asiatique,48.18442973827904,-1.6376817226409914,2021
Le Frelon européen,47.44842323474586,7.3927137069404125,2021
Le Frelon asiatique,48.16117090319033,-1.7167317867279055,2021
Le Frelon asiatique,45.93995824,-0.97323135,2021
Le Frelon asiatique,43.139262381485395,5.7666676546800275,2021
Le Frelon européen,46.25833561483575,5.621539910445087,2021
Le Frelon asiatique,48.84282005580924,2.358357101699911,2021
Le Frelon asiatique,48.53492361335166,2.7564119510228036,2021
Le Frelon européen,48.22116123485698,-1.6931685805320742,2021
Le Frelon européen,44.8193965317397,2.4648647881358965,2021
Le Frelon asiatique,49.28697958692486,-0.11760413646698,2021
Le Frelon asiatique,44.75853524961179,-1.068549156188965,2021
Le Frelon asiatique,48.161140487902344,-1.7168310185758442,2021
Le Frelon européen,48.21629489150396,-1.6899311542510986,2021
Le Frelon européen,48.2118910150414,-1.7076873779296877,2021
Le Frelon asiatique,48.10765274087418,-1.707604300439801,2021
Le Frelon asiatique,48.87472179085913,2.0924690365791325,2021
Le Frelon européen,47.818377767689526,7.546298336237669,2021
Le Frelon européen,47.521269125057856,-1.7525086297326788,2021
Le Frelon européen,47.521272747737605,-1.7525044143226178,2021
Le Frelon européen,48.21637710312854,-1.689925789833069,2021
Le Frelon asiatique,48.874697093321785,2.0925629138946538,2021
Le Frelon européen,48.21809279386433,-1.6939544677734375,2021
Le Frelon asiatique,48.16116911405624,-1.716707648760121,2021
Le Frelon asiatique,44.774230701062336,0.6938472742999435,2021
Le Frelon asiatique,48.15205087633571,-1.6761606931686404,2021
Le Frelon asiatique,44.711731566649625,4.5672901044640355,2021
Le Frelon asiatique,43.63963523932528,3.927472829818726,2021
Le Frelon asiatique,47.521269125057856,-1.7525046051413384,2021
Le Frelon européen,47.521269125057856,-1.7525046051413384,2021
Le Frelon asiatique,44.13873976,0.34011539,2021
Le Frelon asiatique,44.13867025,0.34004024,2021
Le Frelon asiatique,43.87119647,-1.38312434,2021
Le Frelon asiatique,43.14623428304273,5.902062848641987,2021
Le Frelon européen,43.14623428304273,5.902062848641987,2021
Le Frelon européen,44.71146343312954,4.567904332465256,2021
Le Frelon asiatique,48.84000619367437,2.405571232372892,2021
Le Frelon asiatique,48.83844208400671,2.406356887069912,2021
Le Frelon asiatique,48.83930005540253,2.407255546464771,2021
Le Frelon asiatique,43.599579586111396,3.9084076881408696,2021
Le Frelon asiatique,48.11686123725783,-1.6915001627073543,2021
Le Frelon asiatique,45.05536396992898,4.50965712656037,2021
Le Frelon asiatique,45.00168256921358,1.0249283889689755,2021
Le Frelon asiatique,48.618399371930536,-2.1367335149624544,2021
Le Frelon asiatique,43.37740329915996,-1.7392849687260983,2021
Le Frelon asiatique,48.60735374,-2.19265142,2021
Le Frelon asiatique,48.29538570065629,-1.4317202555312192,2021
Le Frelon asiatique,46.19114673953138,5.364300012588501,2021
Le Frelon asiatique,45.055183966055196,4.509903785192489,2021
Le Frelon asiatique,48.213642602181594,-1.6927126049995425,2021
Le Frelon européen,47.875468,3.046467,2021
Le Frelon asiatique,49.91132638279309,1.0848139197605369,2021
Le Frelon asiatique,48.86875903988667,2.479648578628138,2021
Le Frelon asiatique,48.86875874582444,2.4796324967492294,2021
Le Frelon asiatique,43.37051124190669,-1.780954143727638,2021
Le Frelon asiatique,48.86852585508982,2.4801126157573,2021
Le Frelon asiatique,48.86852056210596,2.4801126157573,2021
Le Frelon asiatique,48.84176973053004,2.2751932862162287,2022
Le Frelon asiatique,48.21362115453814,-1.6928574442863467,2022
Le Frelon asiatique,43.55562141137847,0.20755781739778992,2022
Le Frelon asiatique,44.02208397964919,4.400032460689546,2022
Le Frelon asiatique,45.77617974020541,4.85661911778152,2022
Le Frelon asiatique,47.63735960469436,-3.4872364997863774,2022
Le Frelon asiatique,47.517160845255674,-1.6875266113704317,2022
Le Frelon européen,48.16094010437775,-1.7166726899121043,2022
Le Frelon européen,43.55563242629465,0.20755089959937584,2022
Le Frelon européen,43.55562659485822,0.2075349571724772,2022
Le Frelon asiatique,48.86851174046499,2.4802923391505876,2022
Le Frelon européen,45.05566144877318,4.509737551666745,2022
Le Frelon européen,49.018686144186404,1.9409498737786102,2022
Le Frelon européen,44.1879187387564,3.934019906621385,2022
Le Frelon asiatique,45.04181662172679,1.3659846782684328,2022
Le Frelon asiatique,43.66573520936072,7.042898330837488,2022
Le Frelon asiatique,48.89495838160852,-0.19488179532882735,2022
Le Frelon européen,45.77579979438613,4.857605978935276,2021
Le Frelon européen,45.824897876009345,3.503750106319785,2022
Le Frelon asiatique,48.77498933317767,2.087657646064994,2022
Le Frelon asiatique,44.84490254402935,-0.5599379539489747,2022
Le Frelon asiatique,48.17491497850238,-1.7308750748634338,2022
Le Frelon européen,47.51808650427342,-1.7507007084098893,2022
Le Frelon européen,48.22013725024376,-1.6980770230293274,2022
Le Frelon européen,48.16665072809346,-1.7458793520927431,2022
Le Frelon asiatique,48.21809279386433,-1.696218252182007,2022
Le Frelon asiatique,44.84931249931707,-0.5799445509910585,2022
Le Frelon asiatique,44.84490634749979,-0.5599352717399598,2022
Le Frelon asiatique,44.84549398066309,-0.5615660548210145,2022
Le Frelon européen,47.59154444094747,7.268931269645691,2022
Le Frelon européen,47.59111650288105,7.269532671198249,2022
Le Frelon asiatique,48.2180945810122,-1.6962236166000368,2022
Le Frelon asiatique,48.160961574078534,-1.7167319007034543,2022
Le Frelon asiatique,48.2180945810122,-1.6962048411369326,2022
Le Frelon européen,48.2180945810122,-1.6962048411369326,2022
Le Frelon asiatique,48.21809994245544,-1.6962262988090517,2022
Le Frelon européen,47.30489191652407,5.843234638556415,2022
Le Frelon asiatique,48.21183918144797,-1.695912480354309,2022
Le Frelon asiatique,43.6773858,7.0401748,2022
Le Frelon asiatique,48.211830244616195,-1.695920526981354,2022
Le Frelon européen,47.209316239037314,2.296369412425343,2022
Le Frelon asiatique,49.01877564388026,1.8928881180988277,2022
Le Frelon européen,45.05707303111147,4.51140575813283,2022
Le Frelon asiatique,43.13912420362581,5.768133790944222,2022
Le Frelon européen,43.13912420362581,5.768133790944222,2022
Le Frelon asiatique,48.75295490026474,2.2396510653197765,2022
Le Frelon asiatique,48.75295490026474,2.2396510653197765,2022
Le Frelon asiatique,48.15187372027056,-1.6784512996673586,2022
Le Frelon européen,48.197697375212485,-1.4211684465408325,2022
Le Frelon européen,48.25842852238566,-1.4130210690200329,2022
Le Frelon européen,48.25405727606267,-1.4218233246356249,2022
Le Frelon européen,46.25842277629754,5.621556046287269,2022
Le Frelon européen,46.25850993760259,5.621572136080248,2022
Le Frelon asiatique,43.13906822778424,5.770468310784303,2022
Le Frelon asiatique,48.21994960686366,-1.6979616880416872,2022
Le Frelon asiatique,47.90460920308694,-3.113416910069538,2022
Le Frelon asiatique,47.90460920308694,-3.113416910069538,2022
Le Frelon asiatique,43.138946881404266,5.770251052685072,2022
Le Frelon asiatique,47.52692080498147,-1.7677247568133294,2022
Le Frelon européen,47.52692080498147,-1.7677247568133294,2022
Le Frelon asiatique,48.18528991428442,-1.635544002056122,2022
Le Frelon européen,48.185273819647605,-1.6355654597282412,2022
Le Frelon asiatique,48.215524597912896,-1.6903576254844668,2022
Le Frelon asiatique,43.288639670637856,3.436875335318158,2022
Le Frelon européen,48.22115587373434,-1.6931658983230593,2022
Le Frelon européen,43.13905883322844,5.76819647808674,2022
Le Frelon asiatique,43.13905883322844,5.76819647808674,2022
Le Frelon asiatique,48.22125952200599,-1.698664426803589,2022
Le Frelon asiatique,45.40126065212052,5.197390605657173,2022
Le Frelon européen,45.40126065212052,5.197390605657173,2022
Le Frelon européen,44.71882626841414,4.368713566669831,2022
Le Frelon européen,44.71886057447325,4.368699912205672,2022
Le Frelon asiatique,48.26020568454757,-1.3970500230789187,2022
Le Frelon asiatique,48.90311588964772,2.062844038009644,2022
Le Frelon européen,48.21297057175075,-1.6936621069908144,2022
Le Frelon asiatique,48.213521065416565,-1.69476717710495,2022
Le Frelon européen,48.213521065416565,-1.69476717710495,2022
Le Frelon asiatique,48.21397503950633,-1.6943648457527163,2022
Le Frelon européen,48.63137879098683,1.6859065450516342,2022
Le Frelon européen,46.25841164930426,5.6215399501045615,2022
Le Frelon européen,45.05543597131983,4.51046169411507,2022
Le Frelon asiatique,48.150841192448034,-1.707228954532385,2022
Le Frelon européen,47.51845845400098,-1.7502853633646323,2022
Le Frelon asiatique,48.980245151547535,2.0379424095153813,2022
Le Frelon asiatique,48.21357647191874,-1.6947028040885928,2022
Le Frelon européen,48.21357647191874,-1.6947028040885928,2022
Le Frelon asiatique,48.21396967763112,-1.6943648457527163,2022
Le Frelon européen,45.070186765101376,4.538256773114205,2022
Le Frelon européen,48.21179092253796,-1.7031490802764895,2022
Le Frelon asiatique,48.21179092253796,-1.7031490802764895,2022
Le Frelon européen,46.080181954808,6.102084495846007,2022
Le Frelon asiatique,48.211817733049116,-1.703186631202698,2022
Le Frelon européen,48.211817733049116,-1.703186631202698,2022
Le Frelon européen,48.640878841004444,1.7902835506967785,2022
Le Frelon européen,48.18476236522366,-1.6374456882476809,2022
Le Frelon européen,45.0551062799978,4.5098985361688335,2022
Le Frelon européen,43.83928424787517,4.954514828475491,2022
Le Frelon asiatique,43.83928424787517,4.954514828475491,2022
Le Frelon européen,48.211787347802044,-1.7031759023666384,2022
Le Frelon européen,48.21182130778289,-1.703162491321564,2022
Le Frelon asiatique,48.21182130778289,-1.703162491321564,2022
Le Frelon asiatique,45.64705397334794,-1.1112820818615734,2022
Le Frelon asiatique,48.16110291605111,-1.7168417606548905,2022
Le Frelon asiatique,48.21628595544987,-1.6899526119232178,2022
Le Frelon européen,45.19226013681262,5.88315715471937,2022
Le Frelon asiatique,46.144852792804656,6.080994244610745,2022
Le Frelon européen,46.144852792804656,6.080994244610745,2022
Le Frelon asiatique,48.216378890336316,-1.6899311542510986,2022
Le Frelon asiatique,48.3068762999028,-1.6857611574232578,2022
Le Frelon asiatique,45.05619387519764,4.50582418846937,2022
Le Frelon européen,45.05619387519764,4.50582418846937,2022
Le Frelon européen,48.21179092253796,-1.7031785845756533,2022
Le Frelon européen,46.19111888794774,5.364305377006532,2022
Le Frelon européen,48.42126182746142,2.7292713057249784,2022
Le Frelon asiatique,48.42126182746142,2.7292713057249784,2022
Le Frelon européen,48.45349449477394,2.6335144112817948,2022
Le Frelon asiatique,48.213192199782476,-1.691253483295441,2022
Le Frelon asiatique,48.412667,2.728645,2022
Le Frelon européen,48.412667,2.728645,2022
Le Frelon européen,48.421045432553015,2.729343037714369,2022
Le Frelon européen,48.421134014026904,2.7292335033416752,2022
Le Frelon asiatique,48.216284168238865,-1.6899392008781435,2022
Le Frelon asiatique,48.21638425195922,-1.6899338364601137,2022
Le Frelon asiatique,48.21812853680993,-1.6966071724891665,2022
Le Frelon asiatique,43.57896855312307,3.823652572094747,2022
Le Frelon européen,49.02530471266873,1.8968367255680632,2022
Le Frelon asiatique,43.13907025023581,5.768196478917715,2022
Le Frelon européen,46.86576621799065,2.7473985754507746,2022
Le Frelon européen,45.0551062799978,4.509911804826685,2022
Le Frelon européen,46.86575,2.7472849999999998,2022
Le Frelon asiatique,48.1611673249221,-1.7167049625517252,2022
Le Frelon européen,45.38503267894403,5.159381258515383,2022
Le Frelon asiatique,48.82386491717564,0.18893345344061618,2022
Le Frelon européen,48.82386491717564,0.18893345344061618,2022
Le Frelon asiatique,48.82386491717564,0.18893345344061618,2022
Le Frelon européen,48.30981336352101,-0.9291167757487818,2022
Le Frelon asiatique,48.30981336352101,-0.9291167757487818,2022
Le Frelon européen,44.71126319180877,4.567517594103282,2022
Le Frelon européen,46.14484535946367,6.081050145421046,2022
Le Frelon asiatique,48.16117269232438,-1.7167022740846363,2022
Le Frelon européen,49.38276653976118,1.179514825344086,2022
Le Frelon asiatique,49.38276653976118,1.179514825344086,2022
Le Frelon européen,49.01911763020838,1.8932952491608257,2022
Le Frelon européen,46.13498600761041,6.130145756234393,2022
Le Frelon asiatique,48.82386491717564,0.18892000837603454,2022
Le Frelon européen,48.82386491717564,0.18892000837603454,2022
Le Frelon asiatique,48.15090024572589,-1.7074004306370008,2022
Le Frelon européen,47.30888693647581,5.891978752687922,2022
Le Frelon asiatique,47.30888693647581,5.891978752687922,2022
Le Frelon européen,46.238544522470654,6.027138165006952,2022
Le Frelon européen,45.38503402903041,5.15937880215395,2022
Le Frelon asiatique,48.16116911405624,-1.716702293714634,2022
Le Frelon européen,47.519963,-1.748378,2022
Le Frelon asiatique,45.055487130147725,4.5053923251503045,2022
Le Frelon européen,45.055487130147725,4.5053923251503045,2022
Le Frelon asiatique,48.69619675911963,-1.9370864890515804,2022
Le Frelon asiatique,43.75794698473952,1.3651129603385928,2022
Le Frelon asiatique,48.69802097013094,2.517550931009916,2022
Le Frelon asiatique,45.39111765539799,5.163979724789628,2022
Le Frelon européen,45.39111765539799,5.163979724789628,2022
Le Frelon européen,47.515762664626195,-1.7527668488185326,2022
Le Frelon européen,45.38836926539934,5.166621280232172,2022
Le Frelon européen,46.258324487819394,5.621523719737632,2022
Le Frelon asiatique,46.258324487819394,5.621523719737632,2022
Le Frelon asiatique,45.05550418308019,4.505381812256989,2022
Le Frelon européen,45.05550418308019,4.505381812256989,2022
Le Frelon asiatique,49.006101736812674,1.8999913442527923,2022
Le Frelon asiatique,48.2127507300942,-1.6928333044052126,2022
Le Frelon asiatique,47.52222906604656,-1.749577731480163,2022
Le Frelon asiatique,48.153417999539464,-1.7253050001044026,2022
Le Frelon asiatique,46.25831706981713,5.621266362921374,2022
Le Frelon asiatique,48.70741170544569,3.197565981066256,2022
Le Frelon asiatique,48.15535409861575,-1.720374143751038,2022
Le Frelon européen,45.054782271157016,4.509431731926733,2022
Le Frelon européen,45.86124829006752,6.088359653949738,2022
Le Frelon asiatique,43.080138384042286,6.122593752260378,2022
Le Frelon asiatique,45.16670033570716,5.632923245429994,2022
Le Frelon asiatique,47.51902476649078,-1.750529870708404,2022
Le Frelon asiatique,48.70931058190763,-1.8449311517179012,2022
Le Frelon européen,45.76763896602476,5.72587251663208,2022
Le Frelon asiatique,45.8325861,0.3878436,2022
Le Frelon asiatique,44.44091757786691,3.931147456169129,2022
Le Frelon asiatique,44.46896020671788,3.9886553080649194,2022
Le Frelon asiatique,45.05500775118783,4.509823327694705,2022
Le Frelon européen,45.05500775118783,4.509823327694705,2022
Le Frelon asiatique,48.12842981424183,-1.718672951683402,2022
Le Frelon européen,43.2908764329477,5.868433299548674,2022
Le Frelon asiatique,43.2908764329477,5.868433299548674,2022
Le Frelon asiatique,48.127380651421845,-1.7194855771958828,2022
Le Frelon européen,46.19113559889963,5.364286601543427,2022
Le Frelon asiatique,48.2956802,-1.4320278,2022
Le Frelon européen,46.191141169215776,5.364286601543427,2022
Le Frelon asiatique,48.256671046838164,-1.4064545184373856,2022
Le Frelon européen,46.1911300285829,5.364291965961457,2022
Le Frelon asiatique,48.2953956,-1.4321772,2022
Le Frelon européen,48.2953956,-1.4321772,2022
Le Frelon asiatique,47.15508337518759,5.628484189510346,2022
Le Frelon asiatique,48.295863,-1.4318502,2022
Le Frelon asiatique,48.2955157,-1.4321549,2022
Le Frelon européen,44.7996596,-0.3801747,2022
Le Frelon européen,44.7997901,-0.3801601,2022
Le Frelon européen,44.800149,-0.3800412,2022
Le Frelon européen,44.799711957931315,-0.3800568639062804,2022
Le Frelon asiatique,44.799711957931315,-0.3800568639062804,2022
Le Frelon asiatique,43.377432542429936,-1.7554132516840792,2022
Le Frelon asiatique,47.564364923647425,-3.097453410746254,2022
Le Frelon asiatique,48.671126666666666,-1.8517966666666665,2022
Le Frelon européen,44.729424919989825,5.008009362044375,2022
Le Frelon asiatique,44.729424919989825,5.008009362044375,2022
Le Frelon européen,44.89429033921234,3.00471995896662,2022
Le Frelon asiatique,48.74346520100512,2.0628742472219357,2022
Le Frelon asiatique,48.86964001572453,2.4795877461884923,2022
Le Frelon asiatique,48.20885955531573,-0.6630527973175049,2022
Le Frelon asiatique,48.87313759555838,2.0967176556587224,2022
Le Frelon européen,48.86131276300134,2.1001160144805913,2022
Le Frelon asiatique,43.377947221672926,-0.3450544551249313,2023
Le Frelon asiatique,44.71176662286556,4.567795963857209,2023
Le Frelon asiatique,44.7119961228207,4.569591486808689,2023
Le Frelon asiatique,45.77529603615403,4.856904437765479,2022
Le Frelon asiatique,50.67,4.62,2023
Le Frelon asiatique,48.11497256793404,-1.6692365321469917,2022
Le Frelon asiatique,44.18782988231179,3.93373020761632,2022
Le Frelon asiatique,48.97880161470916,-0.39840473558051986,2023
Le Frelon européen,45.00319417566061,3.9130410365760326,2023
Le Frelon asiatique,44.79421,-0.700543,2023
Le Frelon asiatique,44.711427119775045,4.567711932806172,2023
Le Frelon européen,48.31267050742472,-1.429553031921387,2023
Le Frelon asiatique,44.564914391940405,4.193250238895417,2023
Le Frelon européen,45.08428076886589,0.9878634576322255,2023
Le Frelon européen,45.08319976833733,0.9871259505609322,2023
Le Frelon asiatique,48.15557955457251,-1.5004330873489382,2023
Le Frelon européen,45.88312008418143,0.8937179110944271,2023
Le Frelon asiatique,43.253198762837215,-0.10199477969687899,2023
Le Frelon asiatique,48.16108681382072,-1.7168605165922937,2023
Le Frelon asiatique,48.21621446696089,-1.690051853656769,2023
Le Frelon asiatique,43.863133571694696,1.272721332217217,2023
Le Frelon asiatique,48.15525031696935,-1.7203956842422488,2023
Le Frelon asiatique,48.44373852945864,-0.45482142828404903,2023
Le Frelon européen,43.888198925802314,0.22467486517744995,2023
Le Frelon asiatique,43.617626741155675,2.2608496735597634,2023
Le Frelon asiatique,44.78450032445128,-0.6783629819961258,2023
Le Frelon asiatique,48.15093066708496,-1.7073789238929749,2023
Le Frelon asiatique,46.256986758421164,5.625780118345843,2023
Le Frelon asiatique,43.11855909821789,3.0999893265921674,2023
Le Frelon asiatique,48.85359035574604,2.3583729490586567,2023
Le Frelon asiatique,48.77288803200314,2.2686045738688776,2023
Le Frelon asiatique,48.21114389127762,-1.6957488656044006,2023
Le Frelon asiatique,48.16095978493714,-1.7168632149696352,2023
Le Frelon asiatique,48.307905555702746,-1.4324453752487898,2023
Le Frelon européen,43.36345655159207,5.354643050250353,2023
Le Frelon asiatique,48.30776821821928,-1.4323961734771729,2023
Le Frelon asiatique,48.837901872255074,2.2773309840765155,2023
Le Frelon européen,48.22115766077527,-1.6931685805320742,2023
Le Frelon asiatique,46.25853960948236,5.621588153988847,2023
Le Frelon asiatique,48.15090919318632,-1.7074111104011538,2023
Le Frelon asiatique,48.15078034960582,-1.7070865631103518,2023
Le Frelon asiatique,48.155391674677354,-1.72036349773407,2023
Le Frelon européen,48.155391674677354,-1.72036349773407,2023
Le Frelon asiatique,48.1844619280777,-1.6371989250183108,2023
Le Frelon asiatique,45.00180015534655,1.0243356176361165,2023
Le Frelon asiatique,48.89946083334633,2.107443809509278,2023
Le Frelon asiatique,47.149111440962805,2.20785471717095,2023
Le Frelon asiatique,47.3050185046461,-3.204550444125687,2023
Le Frelon européen,48.15095035148414,-1.7067432858970768,2023
Le Frelon asiatique,48.15095035148414,-1.7067432858970768,2023
Le Frelon asiatique,48.153543257697365,-1.7253148555755617,2023
Le Frelon asiatique,48.15092708810247,-1.7067754829854125,2023
Le Frelon asiatique,48.16112349111591,-1.716839497137297,2023
Le Frelon asiatique,44.06566431627529,0.9104594416042479,2023
Le Frelon asiatique,48.412808707845166,2.714806577038033,2023
Le Frelon asiatique,43.28982213227549,3.4348617413842057,2023
Le Frelon européen,47.19796526611231,2.3402158788799943,2023
Le Frelon asiatique,48.8191515029539,2.2851588467255146,2023
Le Frelon asiatique,47.09408483793012,2.3774163788166507,2023
Le Frelon asiatique,49.01102829935034,1.8770796060562136,2023
Le Frelon asiatique,45.00178619469444,1.0243523012819813,2023
Le Frelon européen,48.153579045686335,-1.7253255844116213,2023
Le Frelon asiatique,48.153579045686335,-1.7253255844116213,2023
Le Frelon asiatique,48.124815329247504,-1.6864047298452731,2023
Le Frelon asiatique,48.14944178882627,-1.678335983964592,2023
Le Frelon asiatique,47.304995,-3.204549,2023
Le Frelon asiatique,47.30530405442567,-3.2047408066831244,2023
Le Frelon asiatique,43.28839156848316,3.43714411424827,2023
Le Frelon asiatique,46.18510818603894,5.347321676727954,2023
Le Frelon asiatique,44.02319875857632,1.3469198314247732,2023
Le Frelon européen,48.2833205,-1.438556,2023
Le Frelon asiatique,43.139079905715704,5.770256468111059,2023
Le Frelon asiatique,48.262330130673945,-1.4108249265700579,2023
Le Frelon européen,48.262330130673945,-1.4108249265700579,2023
Le Frelon européen,47.305818767648105,-3.2051700018827445,2023
Le Frelon asiatique,48.571254182606936,-1.7690946254879236,2023
Le Frelon asiatique,47.30580967381842,-3.205172474352554,2023
Le Frelon européen,47.27438115174511,2.242346928633521,2023
Le Frelon asiatique,46.167935906854005,5.362229371927808,2023
Le Frelon asiatique,46.16855261190669,5.361869947250467,2023
Le Frelon asiatique,48.2600014,-1.3958638,2023
Le Frelon asiatique,48.695157025940716,-1.9377185683697462,2023
Le Frelon européen,44.75656500722413,-0.6220430069773273,2023
Le Frelon asiatique,48.16117269232438,-1.7167103290557864,2023
Le Frelon européen,44.748905,-0.423208,2023
Le Frelon européen,46.14485019113258,6.081020929812515,2023
Le Frelon européen,43.74262699967582,2.138305306434632,2023
Le Frelon asiatique,44.96228137388785,-1.1373316398796696,2023
Le Frelon européen,48.87992752438258,2.724293947008994,2023
Le Frelon européen,45.64463819,-1.1048411,2023
Le Frelon asiatique,45.64463819,-1.1048411,2023
Le Frelon européen,44.810139751212084,-0.5897051095962526,2023
Le Frelon asiatique,44.807365,-0.590092,2023
Le Frelon asiatique,48.16131940110215,-1.7166780503253576,2023
Le Frelon asiatique,43.39278993844526,5.160396111698394,2023
Le Frelon européen,43.39278993844526,5.160396111698394,2023
Le Frelon asiatique,48.705423027707226,2.3336160783246522,2023
Le Frelon asiatique,48.216366379880654,-1.6898989665044508,2023
Le Frelon asiatique,46.25804260296764,5.621287713033132,2023
Le Frelon européen,49.01130496345899,1.8793805795770606,2023
Le Frelon européen,44.71146868412746,4.567582607086279,2023
Le Frelon asiatique,47.10997630516621,2.274385498862781,2023
Le Frelon asiatique,47.10839905540554,2.2711230991451674,2023
Le Frelon européen,47.10839905540554,2.2711230991451674,2023
Le Frelon asiatique,43.13904474140691,5.770755929557222,2023
Le Frelon européen,49.0264974,1.8939578,2023
Le Frelon asiatique,49.0264974,1.8939578,2023
Le Frelon asiatique,44.91579929462281,1.834392421717346,2023
Le Frelon asiatique,47.236,-0.09681,2023
Le Frelon asiatique,43.5554186066195,0.20734438750227294,2023
Le Frelon européen,48.21629489150396,-1.689941873143952,2023
Le Frelon asiatique,48.21629489150396,-1.689941873143952,2023
Le Frelon asiatique,48.206652039662,-1.5092467423528433,2023
Le Frelon asiatique,48.21628238102779,-1.6899311520926052,2023
Le Frelon asiatique,46.258376413831655,5.621491571035332,2023
Le Frelon asiatique,48.135970319391355,-1.808984284632464,2023
Le Frelon européen,45.832586,0.3878552,2023
Le Frelon asiatique,45.832586,0.3878552,2023
Le Frelon asiatique,48.16116553578788,-1.7167049646377566,2023
Le Frelon asiatique,43.57187687885016,4.831792172044516,2022
Le Frelon asiatique,43.13908192816687,5.768187444456255,2023
Le Frelon européen,43.13908192816687,5.768187444456255,2023
Le Frelon asiatique,48.77290346250954,2.2684708166661243,2023
Le Frelon asiatique,48.16126930546911,-1.716790795326233,2023
Le Frelon asiatique,46.25832448782695,5.621572126495674,2023
Le Frelon asiatique,46.25834303283244,5.621556035105255,2023
Le Frelon asiatique,48.63788913935423,-1.8681981414556503,2023
Le Frelon asiatique,47.471242,-0.547583,2023
Le Frelon asiatique,49.00770311552325,1.881521408632563,2023
Le Frelon asiatique,43.383124183986396,5.155908260278865,2023
Le Frelon asiatique,47.474206,-0.547189,2023
Le Frelon européen,48.871401626847565,2.0992845411153516,2023
Le Frelon européen,45.656203562111806,0.9802267317760995,2023
Le Frelon asiatique,48.87470767798212,2.092482583998399,2023
Le Frelon européen,48.87470767798212,2.092482583998399,2023
Le Frelon asiatique,48.69241932797025,-1.9545576976764314,2023
Le Frelon asiatique,48.790439378579336,2.457470297758846,2023
Le Frelon européen,45.528657655231655,2.977737570181489,2022
Le Frelon asiatique,48.218104172041684,-1.6939904953842522,2023
Le Frelon asiatique,48.21809916799572,-1.693990534747325,2023
